timestamp,title,price,original_price,shipping,item_url
2025-03-22 19:09:38,Microsoft Xbox Series S,US $299.00,,,https://www.ebay.com/itm/266190900217?_trkparms=5373%3A5000014449%7C5374%3ATech%7C5079%3A5000014449
2025-03-22 19:09:38,Apple iPhone 15 Pro 256gb ( Unlocked) US E-Sim Version. Excellent,US $674.99,,,https://www.ebay.com/itm/166613095133?_trkparms=5373%3A5000014449%7C5374%3ATech%7C5079%3A5000014449
2025-03-22 19:09:38,Google Pixel 8 Pro 128GB Factory Unlocked - Excellent,US $434.99,,,https://www.ebay.com/itm/226348022590?_trkparms=5373%3A5000014449%7C5374%3ATech%7C5079%3A5000014449
2025-03-22 19:09:38,"Apple Macbook Air MLY33LL/A 2022 M2 - Magsafe 3 - 13.6"" 8GB/256GB SSD Excellent",US $650.00,,,https://www.ebay.com/itm/166206685749?_trkparms=5373%3A5000014449%7C5374%3ATech%7C5079%3A5000014449
2025-03-22 19:09:38,Samsung Galaxy S21 5G SM-G991U 128GB 256GB Unlocked Very Good Refurbished,US $159.95,,,https://www.ebay.com/itm/185698601733?_trkparms=5373%3A5000014449%7C5374%3ATech%7C5079%3A5000014449
2025-03-22 19:09:38,NEW UNLOCKED SAMSUNG GALAXY S20+ PLUS 5G SM-G986U 128GB BLACK GRAY GSM+CDMA,US $207.77,,,https://www.ebay.com/itm/194520534603?_trkparms=5373%3A5000014449%7C5374%3ATech%7C5079%3A5000014449
2025-03-22 19:09:38,"HGST Ultrastar HUH728080ALE604 (0F23668) 8TB 7200RPM SATA 6Gb/s 3.5"" Hard Drive",US $98.99,,,https://www.ebay.com/itm/155888794968?_trkparms=5373%3A5000014449%7C5374%3ATech%7C5079%3A5000014449
2025-03-22 19:09:38,Apple iPhone 13 Pro 128GB Unlocked - Excellent,US $357.95,,,https://www.ebay.com/itm/403999454004?_trkparms=5373%3A5000014449%7C5374%3ATech%7C5079%3A5000014468
2025-03-22 19:09:38,Apple iPhone 14 Pro 128GB Unlocked - Excellent,US $446.95,,,https://www.ebay.com/itm/405469724990?_trkparms=5373%3A5000014449%7C5374%3ATech%7C5079%3A5000014468
2025-03-22 19:09:38,Apple iPhone 13 128GB Unlocked - Excellent,US $286.95,,,https://www.ebay.com/itm/404240045218?_trkparms=5373%3A5000014449%7C5374%3ATech%7C5079%3A5000014468
2025-03-22 19:09:38,Apple iPhone 13 128GB Unlocked - Excellent,US $301.99,,,https://www.ebay.com/itm/256350256024?_trkparms=5373%3A5000014449%7C5374%3ATech%7C5079%3A5000014468
2025-03-22 19:09:38,Apple iPhone 13 Pro 256GB Unlocked - Excellent,US $402.95,,,https://www.ebay.com/itm/386146593917?_trkparms=5373%3A5000014449%7C5374%3ATech%7C5079%3A5000014468
2025-03-22 19:09:38,"Lenovo LOQ 15.6"" FHD 144Hz Gaming Laptop i5-12450HX 12GB RAM 512GB SSD RTX 3050",US $599.99,US $880.99,,https://www.ebay.com/itm/126480962681?_trkparms=5373%3A5000014449%7C5374%3ATech%7C5079%3A5000014452
2025-03-22 19:09:38,MSI Cyborg Gaming Laptop Intel i7-13620H RTX 4050 144HZ 1080p 16GB RAM 512GB SSD,US $866.99,"US $1,016.99",,https://www.ebay.com/itm/296534908821?_trkparms=5373%3A5000014449%7C5374%3ATech%7C5079%3A5000014452
2025-03-22 19:09:38,"Lenovo LOQ-E 15.6"" FHD 144Hz Gaming Laptop i5-12450HX 8GB RAM 512GB SSD RTX 2050",US $499.99,US $699.99,,https://www.ebay.com/itm/126754097392?_trkparms=5373%3A5000014449%7C5374%3ATech%7C5079%3A5000014452
2025-03-22 19:09:38,"Lenovo ThinkPad T490s 14"" TOUCH FHD i7-8565U 16GB NEW 512 SSD Win 11 pro laptop",US $299.99,,,https://www.ebay.com/itm/224833789923?_trkparms=5373%3A5000014449%7C5374%3ATech%7C5079%3A5000014452
2025-03-22 19:09:38,MacBook Air 15-inch 2024 M3 / 16GB RAM / 512GB SSD / 10-Core GPU / Midnight,"US $1,099.00",,,https://www.ebay.com/itm/256520205430?_trkparms=5373%3A5000014449%7C5374%3ATech%7C5079%3A5000014452
2025-03-22 19:09:38,Celestron 93973 SkyQ Link 2 Wi-Fi Module (Black),US $109.99,US $169.95,,https://www.ebay.com/itm/374232972694?_trkparms=5373%3A5000014449%7C5374%3ATech%7C5079%3A5000014464
2025-03-22 19:09:38,50-in-1 + Waterproof Case for Gopro Hero 12 11 10 Action Camera Accessory Kit,US $39.99,,,https://www.ebay.com/itm/116174595662?_trkparms=5373%3A5000014449%7C5374%3ATech%7C5079%3A5000014464
2025-03-22 19:09:38,"DJI Osmo Mobile SE Gimbal, 3-Axis, Portable , Foldable, Android , iPhone Gimbal",US $69.00,,,https://www.ebay.com/itm/305001613153?_trkparms=5373%3A5000014449%7C5374%3ATech%7C5079%3A5000014464
2025-03-22 19:09:38,AOCHUAN Smart XE 3-Axis Smartphone Gimbal Stabilizer for iPhone Android Phones,US $49.00,,,https://www.ebay.com/itm/405047322473?_trkparms=5373%3A5000014449%7C5374%3ATech%7C5079%3A5000014464
2025-03-22 19:09:38,Insta360 Ace Pro Action Camera AI-Powered Waterproof BRAND NEW SEALED FREESHIP!,US $272.99,US $313.94,,https://www.ebay.com/itm/296796434258?_trkparms=5373%3A5000014449%7C5374%3ATech%7C5079%3A5000014464
2025-03-22 19:09:38,BenQ TK860i 3300lm Smart Home Theater Projector 4K HDR Streaming 2D Keystone,US $919.00,"US $1,379.99",,https://www.ebay.com/itm/375807945618?_trkparms=5373%3A5000014449%7C5374%3ATech%7C5079%3A5000014481
2025-03-22 19:09:38,"Bose Solo Soundbar 2 Home Theater, Certified Refurbished",US $149.00,US $199.00,,https://www.ebay.com/itm/167031735841?_trkparms=5373%3A5000014449%7C5374%3ATech%7C5079%3A5000014481
2025-03-22 19:09:38,"2023-2024 , Amazon Fire TV Stick 3rd Gen w/Alexa includes TV controls. New*",US $33.88,,,https://www.ebay.com/itm/315040720206?_trkparms=5373%3A5000014449%7C5374%3ATech%7C5079%3A5000014481
2025-03-22 19:09:38,Onn. Google TV 4K Streaming 4K UHD Resolution 2023 Brand New,US $26.00,,,https://www.ebay.com/itm/225931956556?_trkparms=5373%3A5000014449%7C5374%3ATech%7C5079%3A5000014481
2025-03-22 19:09:38,BenQ GP500 4K HDR LED Smart Home Theater Projector 1500 Lm Auto Focus 1.3x zoom,US $734.00,"US $1,799.00",,https://www.ebay.com/itm/166398780476?_trkparms=5373%3A5000014449%7C5374%3ATech%7C5079%3A5000014481
2025-03-22 19:09:38,"Samsung Galaxy Tab S8 Ultra 14.6"" 128GB X900 Wifi Only - Excellent",US $437.00,US $899.99,,https://www.ebay.com/itm/256728624782?_trkparms=5373%3A5000014449%7C5374%3ATech%7C5079%3A5000014454
2025-03-22 19:09:38,"Samsung Galaxy Tab S9 FE 5G SM-X518U AT&T Unlocked (Any Carrier) 10.9"" 128GB",US $274.99,US $500.00,,https://www.ebay.com/itm/204770375443?_trkparms=5373%3A5000014449%7C5374%3ATech%7C5079%3A5000014454
2025-03-22 19:09:38,"2022 Apple iPad 10 WiFi Unlocked 64GB 10.9"" (Silver) - A2757 - 1 Year Warranty",US $332.99,US $450.00,,https://www.ebay.com/itm/355289724643?_trkparms=5373%3A5000014449%7C5374%3ATech%7C5079%3A5000014454
2025-03-22 19:09:38,"1 Year Warranty 2020 Apple iPad 8 WiFi Only 32GB 10.2"" (Space Gray) - A2270",US $143.99,US $329.00,,https://www.ebay.com/itm/354233898171?_trkparms=5373%3A5000014449%7C5374%3ATech%7C5079%3A5000014454
2025-03-22 19:09:38,"Samsung Galaxy Tab S7 5G 11"" 128GB T878U Unlocked No S-Pen - Excellent",US $205.00,US $899.99,,https://www.ebay.com/itm/256444977926?_trkparms=5373%3A5000014449%7C5374%3ATech%7C5079%3A5000014454
2025-03-22 19:09:38,Nintendo new 3DS LL XL Console only Various colors Used RANK A/B Region free,US $234.99,,,https://www.ebay.com/itm/392605432382?_trkparms=5373%3A5000014449%7C5374%3ATech%7C5079%3A5000014470
2025-03-22 19:09:38,Nintendo Switch Console HAC-001 w/ Joy Con + Dock + Charger +HDMI 1 Day Ship,US $199.99,,,https://www.ebay.com/itm/276455280375?_trkparms=5373%3A5000014449%7C5374%3ATech%7C5079%3A5000014470
2025-03-22 19:09:38,PS Vita PCH-2000 Sony Playstation Accessory complete Console Used (Excellent),US $174.99,,,https://www.ebay.com/itm/394111931672?_trkparms=5373%3A5000014449%7C5374%3ATech%7C5079%3A5000014470
2025-03-22 19:09:38,RULE OF ROSE ENG PS2 PAL UK BRAND NEW SEALED 505 GAMES QUALITY CECK CONTROL,US $259.31,,,https://www.ebay.com/itm/256673834870?_trkparms=5373%3A5000014449%7C5374%3ATech%7C5079%3A5000014470
2025-03-22 19:09:38,Sony PS5 Genuine Stick Module CFI-ZSM1G for DualSense Edge NEW FAST SHIPPING,US $37.50,,,https://www.ebay.com/itm/126828529391?_trkparms=5373%3A5000014449%7C5374%3ATech%7C5079%3A5000014470
2025-03-22 19:09:38,Pivo Pod Silver with Remote and Travel Case - Fast Auto Tracking Phone Silver,US $49.99,,,https://www.ebay.com/itm/334638953359?_trkparms=5373%3A5000014449%7C5374%3ATech%7C5079%3A5000014474
2025-03-22 19:09:38,"Genuine Apple Leather MagSafe Card Wallet for iPhone 12, 13, 14 & 15 - Midnight",US $61.24,US $76.09,,https://www.ebay.com/itm/166944987243?_trkparms=5373%3A5000014449%7C5374%3ATech%7C5079%3A5000014474
2025-03-22 19:09:38,ORIGINAL BATTERY SAMSUNG EB-BN980ABY GALAXY NOTE 20 5G SM-N980F/DS SM-N981U OEM,US $28.00,,,https://www.ebay.com/itm/135102614669?_trkparms=5373%3A5000014449%7C5374%3ATech%7C5079%3A5000014474
2025-03-22 19:09:38,Genuine / Official Apple iPhone 13 Silicone MagSafe Case / Cover - Blue Jay,US $43.83,US $63.19,,https://www.ebay.com/itm/374184094391?_trkparms=5373%3A5000014449%7C5374%3ATech%7C5079%3A5000014474
2025-03-22 19:09:38,Apple AirTag Bluetooth GPS Tracker Silver MX532AM/A A2187 For iPhone & iPad,US $22.95,,,https://www.ebay.com/itm/296373153889?_trkparms=5373%3A5000014449%7C5374%3ATech%7C5079%3A5000014474
2025-03-22 19:09:38,Taramps DS 4000x4 2 Ohms Amplifier 4 Channels 4000W RMS - by Taramps,US $340.00,,,https://www.ebay.com/itm/356206361583?_trkparms=5373%3A5000014449%7C5374%3ATech%7C5079%3A5000014450
2025-03-22 19:09:38,Taramps DS 2000x4 2 Ohms 2000 Watts RMS 4-Channel 500x4 Watts RMS Class D,US $217.99,,,https://www.ebay.com/itm/354493911383?_trkparms=5373%3A5000014449%7C5374%3ATech%7C5079%3A5000014450
2025-03-22 19:09:38,WOLFBOX G840S 12‚ÄùMirror Dash Cam 4K Rear View Mirror Dash Camera Front and Rear,US $64.99,US $104.99,,https://www.ebay.com/itm/225914453447?_trkparms=5373%3A5000014449%7C5374%3ATech%7C5079%3A5000014450
2025-03-22 19:09:38,REDTIGER Dash Cam 4K Front and Rear Dash Camera WiFi GPS with Free 64GB SD Card,US $89.99,US $149.99,,https://www.ebay.com/itm/285320367972?_trkparms=5373%3A5000014449%7C5374%3ATech%7C5079%3A5000014450
2025-03-22 19:09:38,"REDTIGER F17 4K Dash Cam 3 Channel,5G WiFi Front and Rear Inside,Hardwire kit",US $105.99,US $165.99,,https://www.ebay.com/itm/285949283718?_trkparms=5373%3A5000014449%7C5374%3ATech%7C5079%3A5000014450
2025-03-22 19:09:38,"Seagate IronWolf 12TB 7200RPM SATA 6Gb/s 256MB 3.5"" NAS Hard Drive ST12000VN0007",US $133.99,,,https://www.ebay.com/itm/166672350380?_trkparms=5373%3A5000014449%7C5374%3ATech%7C5079%3A5000014456
2025-03-22 19:09:38,"Seagate IronWolf Pro 10TB 7200RPM SATA 6Gb/s 256MB 3.5"" NAS HDD - ST10000NE0004",US $128.99,,,https://www.ebay.com/itm/167272951826?_trkparms=5373%3A5000014449%7C5374%3ATech%7C5079%3A5000014456
2025-03-22 19:09:38,"Seagate Exos 28TB 7.2K RPM SATA 6Gb/s 3.5"" Enterprise HDD - ST28000NM000C",US $334.99,,,https://www.ebay.com/itm/296879436001?_trkparms=5373%3A5000014449%7C5374%3ATech%7C5079%3A5000014456
2025-03-22 19:09:38,MSI SPATIUM Series M482 M.2 2280 2TB PCI-Express 4.0 x4 Internal Solid State Dri,US $152.99,,,https://www.ebay.com/itm/386842541654?_trkparms=5373%3A5000014449%7C5374%3ATech%7C5079%3A5000014456
2025-03-22 19:09:38,Netac 1TB 2TB 512GB Internal SSD 2.5'' SATA III 6Gb/s Solid State Drive lot,US $13.99,,,https://www.ebay.com/itm/314555594439?_trkparms=5373%3A5000014449%7C5374%3ATech%7C5079%3A5000014456
2025-03-22 19:09:38,"HP OfficeJet 250 Mobile All-in-One Printer | Mobile Print, Scan, Copy | CZ992A",US $389.99,US $489.99,,https://www.ebay.com/itm/155769674699?_trkparms=5373%3A5000014449%7C5374%3ATech%7C5079%3A5000014472
2025-03-22 19:09:38,New Zebra ZD421 Direct Thermal Desktop Label Printer 203 dpi No Ribbon Required,US $299.00,US $499.00,,https://www.ebay.com/itm/116462122244?_trkparms=5373%3A5000014449%7C5374%3ATech%7C5079%3A5000014472
2025-03-22 19:09:38,New Zebra ZD421 ZD4AH42-D01E00EZ Direct Thermal Label Healthcare Printer 203 dpi,US $399.00,US $669.00,,https://www.ebay.com/itm/116415636410?_trkparms=5373%3A5000014449%7C5374%3ATech%7C5079%3A5000014472
2025-03-22 19:09:38,Original Druckkopf HP DesignJet 110 500 510 800 815 PS / Nr. 11 C4810A -C4813A,US $193.48,,,https://www.ebay.com/itm/356127740145?_trkparms=5373%3A5000014449%7C5374%3ATech%7C5079%3A5000014472
2025-03-22 19:09:38,Sony MDR-7506 Professional Studio Wired Headphone Headset,US $59.79,,,https://www.ebay.com/itm/356129102114?_trkparms=5373%3A5000014449%7C5374%3ATech%7C5079%3A5000014460
2025-03-22 19:09:38,BRAND NEW Harman Kardon Fly TWS True Wireless In-Ear Headphones - Black,US $56.99,,,https://www.ebay.com/itm/304719930024?_trkparms=5373%3A5000014449%7C5374%3ATech%7C5079%3A5000014460
2025-03-22 19:09:38,Sony WF-1000XM5 Truly Wireless Bluetooth Noise Canceling Headphones - Black,US $112.99,US $299.99,,https://www.ebay.com/itm/276015021037?_trkparms=5373%3A5000014449%7C5374%3ATech%7C5079%3A5000014460
2025-03-22 19:09:38,Soundcore Space Q45 Wireless Headphone Over-Ear Active Noise Cancelling 50h Play,US $79.99,US $229.99,,https://www.ebay.com/itm/383512859307?_trkparms=5373%3A5000014449%7C5374%3ATech%7C5079%3A5000014460
2025-03-22 19:09:38,Bose SoundSport Wired 3.5mm Jack Earphones Headphones Earbuds Charcoal-Black,US $29.80,,,https://www.ebay.com/itm/356129102581?_trkparms=5373%3A5000014449%7C5374%3ATech%7C5079%3A5000014460
2025-03-22 19:09:38,Canon RF 28-70mm f/2.8 IS STM Lens Canon RF,US $999.00,"US $1,099.00",,https://www.ebay.com/itm/286086611827?_trkparms=5373%3A5000014449%7C5374%3ATech%7C5079%3A5000014476
2025-03-22 19:09:38,Objektiv Tele Carl Zeiss Sonnar 135mm 135 mm T* 2.8 - Contax / Yashica,US $355.62,,,https://www.ebay.com/itm/365204798099?_trkparms=5373%3A5000014449%7C5374%3ATech%7C5079%3A5000014476
2025-03-22 19:09:38,"f√ºr Nikon AF, Sigma DC 30 mm F/1.4 HSM",US $145.92,,,https://www.ebay.com/itm/205080921211?_trkparms=5373%3A5000014449%7C5374%3ATech%7C5079%3A5000014476
2025-03-22 19:09:38,Objektiv Zoom Sony SAL75300 75-300mm 4.5-5.6 Macro - Minolta AF / Sony Alpha,US $182.67,,,https://www.ebay.com/itm/365204237962?_trkparms=5373%3A5000014449%7C5374%3ATech%7C5079%3A5000014476
2025-03-22 19:09:38,Objektiv Zoom Minolta AF 24-85mm 24-85 mm 3.5-4.5 - Sony A / Minolta Dynax,US $144.84,,,https://www.ebay.com/itm/387556950952?_trkparms=5373%3A5000014449%7C5374%3ATech%7C5079%3A5000014476
2025-03-22 19:09:38,BenQ TK860i 3300lm Smart Home Theater Projector 4K HDR Streaming 2D Keystone,US $919.00,"US $1,379.99",,https://www.ebay.com/itm/375807945618?_trkparms=5373%3A5000014449%7C5374%3ATech%7C5079%3A5000014488
2025-03-22 19:09:38,Taramps DS 4000x4 2 Ohms Amplifier 4 Channels 4000W RMS - by Taramps,US $340.00,,,https://www.ebay.com/itm/356206361583?_trkparms=5373%3A5000014449%7C5374%3ATech%7C5079%3A5000014488
2025-03-22 19:09:38,Sony MDR-7506 Professional Studio Wired Headphone Headset,US $59.79,,,https://www.ebay.com/itm/356129102114?_trkparms=5373%3A5000014449%7C5374%3ATech%7C5079%3A5000014488
2025-03-22 19:09:38,Taramps DS 2000x4 2 Ohms 2000 Watts RMS 4-Channel 500x4 Watts RMS Class D,US $217.99,,,https://www.ebay.com/itm/354493911383?_trkparms=5373%3A5000014449%7C5374%3ATech%7C5079%3A5000014488
2025-03-22 19:09:38,ZOSI H.265+ 16 Channel 5MP Lite HD CCTV DVR for Security Camera System Kit,US $89.99,US $112.49,,https://www.ebay.com/itm/322645934871?_trkparms=5373%3A5000014449%7C5374%3ATech%7C5079%3A5000014488
2025-03-22 19:09:38,Max/Max 2 - White House Hero DVD - BRAND-NEW and SEALED 9z,US $8.88,US $31.95,,https://www.ebay.com/itm/176908244586?_trkparms=5373%3A5000014449%7C5374%3ATech%7C5079%3A5000014458
2025-03-22 19:09:38,"Poms (DVD, 2019, Widescreen) Diane Keaton, Jacki Weaver, Rhea Perlman NEW 9z",US $8.88,US $24.95,,https://www.ebay.com/itm/176908181307?_trkparms=5373%3A5000014449%7C5374%3ATech%7C5079%3A5000014458
2025-03-22 19:09:38,Otto the Rhino DVD 2012 Animated English Version BRAND-NEW Sealed 9z,US $8.88,US $24.95,,https://www.ebay.com/itm/176906606227?_trkparms=5373%3A5000014449%7C5374%3ATech%7C5079%3A5000014458
2025-03-22 19:09:38,4 Movie Collection Comedy Life / Roscoe Jenkins / Bulletproof / Major Payne 9z,US $11.57,US $28.95,,https://www.ebay.com/itm/176908198807?_trkparms=5373%3A5000014449%7C5374%3ATech%7C5079%3A5000014458
2025-03-22 19:09:38,Double Feature DVD: The Losers & RocknRolla with Gerard Butler 9z,US $8.88,US $29.95,,https://www.ebay.com/itm/405628328337?_trkparms=5373%3A5000014449%7C5374%3ATech%7C5079%3A5000014458
2025-03-22 19:09:38,Lenovo DK1633 40A9 ThinkPad USB-C Dock Station 40A90090US + 90W Power Supply,US $55.00,,,https://www.ebay.com/itm/145072664056?_trkparms=5373%3A5000014449%7C5374%3ATech%7C5079%3A5000014478
2025-03-22 19:09:38,"Xiaomi Mi Computer Monitor Light Bar - , Extra Computer Lighting",US $29.99,,,https://www.ebay.com/itm/126003498904?_trkparms=5373%3A5000014449%7C5374%3ATech%7C5079%3A5000014478
2025-03-22 19:09:38,For iPad Pro 11'' (4/3/2/1) Case | Ringke [Fusion Sketch Stand] for Drawing,US $32.99,US $37.99,,https://www.ebay.com/itm/266921467304?_trkparms=5373%3A5000014449%7C5374%3ATech%7C5079%3A5000014478
2025-03-22 19:09:38,"For iPad Pro M4 iPad Air M2 M3 11""/13"" [Paper Touch Film] Screen Protector",US $19.99,US $26.99,,https://www.ebay.com/itm/266858951820?_trkparms=5373%3A5000014449%7C5374%3ATech%7C5079%3A5000014478
2025-03-22 19:09:38,"For iPad Pro Air (M4/M3/M2) 11"" 13"" [Easy Slide Tempered Glass] Screen Protector",US $24.99,US $30.99,,https://www.ebay.com/itm/256693385547?_trkparms=5373%3A5000014449%7C5374%3ATech%7C5079%3A5000014478
2025-03-22 19:09:38,Apple iPhone 13 Pro 128GB Unlocked - Excellent,US $357.95,,,https://www.ebay.com/itm/403999454004?_trkparms=5373%3A5000014449%7C5374%3ATech%7C5079%3A5000014466
2025-03-22 19:09:38,Apple iPhone 14 Pro 128GB Unlocked - Excellent,US $446.95,,,https://www.ebay.com/itm/405469724990?_trkparms=5373%3A5000014449%7C5374%3ATech%7C5079%3A5000014466
2025-03-22 19:09:38,Apple iPhone 13 128GB Unlocked - Excellent,US $286.95,,,https://www.ebay.com/itm/404240045218?_trkparms=5373%3A5000014449%7C5374%3ATech%7C5079%3A5000014466
2025-03-22 19:09:38,Apple iPhone 13 128GB Unlocked - Excellent,US $301.99,,,https://www.ebay.com/itm/256350256024?_trkparms=5373%3A5000014449%7C5374%3ATech%7C5079%3A5000014466
2025-03-22 19:09:38,Apple iPhone 13 Pro 256GB Unlocked - Excellent,US $402.95,,,https://www.ebay.com/itm/386146593917?_trkparms=5373%3A5000014449%7C5374%3ATech%7C5079%3A5000014466
2025-03-22 19:09:38,"Lenovo LOQ 15.6"" FHD 144Hz Gaming Laptop i5-12450HX 12GB RAM 512GB SSD RTX 3050",US $599.99,US $880.99,,https://www.ebay.com/itm/126480962681?_trkparms=5373%3A5000014449%7C5374%3ATech%7C5079%3A5000014490
2025-03-22 19:09:38,"Seagate IronWolf 12TB 7200RPM SATA 6Gb/s 256MB 3.5"" NAS Hard Drive ST12000VN0007",US $133.99,,,https://www.ebay.com/itm/166672350380?_trkparms=5373%3A5000014449%7C5374%3ATech%7C5079%3A5000014490
2025-03-22 19:09:38,Intel Xeon Gold 6254 3.1GHz 24.75MB 18-Core 200W FCLGA3647 SRF92,US $245.00,,,https://www.ebay.com/itm/235898025773?_trkparms=5373%3A5000014449%7C5374%3ATech%7C5079%3A5000014490
2025-03-22 19:09:38,MSI Cyborg Gaming Laptop Intel i7-13620H RTX 4050 144HZ 1080p 16GB RAM 512GB SSD,US $866.99,"US $1,016.99",,https://www.ebay.com/itm/296534908821?_trkparms=5373%3A5000014449%7C5374%3ATech%7C5079%3A5000014490
2025-03-22 19:09:38,"Lenovo LOQ-E 15.6"" FHD 144Hz Gaming Laptop i5-12450HX 8GB RAM 512GB SSD RTX 2050",US $499.99,US $699.99,,https://www.ebay.com/itm/126754097392?_trkparms=5373%3A5000014449%7C5374%3ATech%7C5079%3A5000014490
2025-03-22 17:29:13,Apple Watch Series 10 GPS + Cellular 42mm Smartwatch Aluminium Case - Excellent,$294.99,$499.00,,https://www.ebay.com/itm/156512158074?_trkparms=5373%3A5000006400%7C5374%3ATech%7C5079%3A5000006400
2025-03-22 17:29:13,Xbox Series X ‚Äì 1TB Digital Edition (Certified Refurbished),$399.99,,,https://www.ebay.com/itm/267079874922?_trkparms=5373%3A5000006400%7C5374%3ATech%7C5079%3A5000006400
2025-03-22 17:29:13,Pentax WG 1000 All Weather Compact Camera Olive,$177.00,$207.00,,https://www.ebay.com/itm/286365038000?_trkparms=5373%3A5000006400%7C5374%3ATech%7C5079%3A5000006400
2025-03-22 17:29:13,"MSI MPG 321URX QD-OLED 32"" UHD Gaming Monitor, 240Hz/0.03ms HDR 400",$769.99,$949.99,,https://www.ebay.com/itm/145840921156?_trkparms=5373%3A5000006400%7C5374%3ATech%7C5079%3A5000006400
2025-03-22 17:29:13,Samsung HW-S700D 3.1ch Q-Series Wireless Dolby Atmos Soundbar (2024),$295.00,$499.99,,https://www.ebay.com/itm/335518619016?_trkparms=5373%3A5000006400%7C5374%3ATech%7C5079%3A5000006400
2025-03-22 17:29:13,Google Pixel 6 Pro 5G G8V0U Unlocked 128GB 256GB 512GB Very Good,$169.95,$999.99,,https://www.ebay.com/itm/355565697405?_trkparms=5373%3A5000006400%7C5374%3ATech%7C5079%3A5000006400
2025-03-22 17:29:13,üî• Nintendo Switch OLED 64GB WHITE Joy Cons Newest Game Console + 2 Day SHIP! üî•,$269.99,$369.99,,https://www.ebay.com/itm/194991515485?_trkparms=5373%3A5000006400%7C5374%3ATech%7C5079%3A5000006400
2025-03-22 17:29:13,"Lenovo - IdeaPad 1i 15.6"" FHD Touchscreen Laptop - Intel Core i5 - 8GB Memory...",,$599.99,,https://www.ebay.com/itm/205117429872?_trkparms=5373%3A5000006400%7C5374%3ATech%7C5079%3A5000006400
2025-03-22 17:29:13,"Seagate Exos 28TB 7.2K RPM SATA 6Gb/s 3.5"" Enterprise HDD - ST28000NM000C",$334.99,$379.99,,https://www.ebay.com/itm/296879436001?_trkparms=5373%3A5000006400%7C5374%3ATech%7C5079%3A5000006400
2025-03-22 17:29:13,Apple iPhone 14 Pro Max 256GB Unlocked Very Good Condition,$539.99,"$1,199.00",,https://www.ebay.com/itm/355896538160?_trkparms=5373%3A5000006400%7C5374%3ATech%7C5079%3A5000006400
2025-03-22 17:29:13,"ASUS - ROG Zephyrus G16 16"" OLED QHD 240Hz Gaming Laptop - Intel Core Ultra 9...",,"$1,999.99",,https://www.ebay.com/itm/326068742080?_trkparms=5373%3A5000006400%7C5374%3ATech%7C5079%3A5000006400
2025-03-22 17:29:13,Apple iPhone 13 A2482 128GB Network Unlocked Very Good Condition,$259.99,$699.00,,https://www.ebay.com/itm/354393355064?_trkparms=5373%3A5000006400%7C5374%3ATech%7C5079%3A5000006400
2025-03-22 17:29:13,Samsung Galaxy S21 Ultra 5G SM-G998U1F Factory Unlocked Excellent,$244.95,"$1,299.99",,https://www.ebay.com/itm/186383006185?_trkparms=5373%3A5000006400%7C5374%3ATech%7C5079%3A5000006423
2025-03-22 17:29:13,Samsung Galaxy S21 Plus 5G G996 128GB Unlocked - Excellent,$204.95,$999.99,,https://www.ebay.com/itm/363623942303?_trkparms=5373%3A5000006400%7C5374%3ATech%7C5079%3A5000006423
2025-03-22 17:29:13,Apple iPhone 13 mini 128GB Factory Unlocked AT&T T-Mobile Verizon Very Good,$264.95,$699.00,,https://www.ebay.com/itm/304517572567?_trkparms=5373%3A5000006400%7C5374%3ATech%7C5079%3A5000006423
2025-03-22 17:29:13,Samsung Galaxy S22+ 5G SM-S906U1 128GB 256GB Unlocked Very Good Refurbished,$234.95,"$1,199.99",,https://www.ebay.com/itm/204769428202?_trkparms=5373%3A5000006400%7C5374%3ATech%7C5079%3A5000006423
2025-03-22 17:29:13,Apple iPhone 12 64GB - Fully Unlocked - VERY GOOD Condition!! Unlocked!!,$210.99,$599.00,,https://www.ebay.com/itm/325852789181?_trkparms=5373%3A5000006400%7C5374%3ATech%7C5079%3A5000006423
2025-03-22 17:29:13,"Apple MacBook Pro MKGR3LL/A 2021 M1 Pro 16GB 14"" 512GB SSD - 8 CPU/14 GPU",$809.00,"$1,999.99",,https://www.ebay.com/itm/145635181381?_trkparms=5373%3A5000006400%7C5374%3ATech%7C5079%3A5000006407
2025-03-22 17:29:13,"Microsoft Surface Laptop 7 Copilot+PC 13.8"" Snapdragon X Plus 16GB RAM 512GB SSD",$724.00,"$1,099.00",,https://www.ebay.com/itm/176698361893?_trkparms=5373%3A5000006400%7C5374%3ATech%7C5079%3A5000006407
2025-03-22 17:29:13,"Apple Macbook Pro M1 Max 16"" 2021 10-Core CPU 32 GPU 1TB SSD 32GB Ram Gray","$1,389.99","$3,199.00",,https://www.ebay.com/itm/226439904137?_trkparms=5373%3A5000006400%7C5374%3ATech%7C5079%3A5000006407
2025-03-22 17:29:13,"Microsoft Surface Laptop 7 Copilot+PC 13.8"" Snapdragon X Plus 16GB RAM 256GB SSD",$602.00,$999.00,,https://www.ebay.com/itm/176698351316?_trkparms=5373%3A5000006400%7C5374%3ATech%7C5079%3A5000006407
2025-03-22 17:29:13,"HP ENVY Laptop Intel Core Ultra 7 155U RTX 3050 32GB RAM 1TB SSD 17.3"" FHD W11H",$769.99,"$1,099.99",,https://www.ebay.com/itm/305844871800?_trkparms=5373%3A5000006400%7C5374%3ATech%7C5079%3A5000006407
2025-03-22 17:29:13,VIZIO V20x-J8B-RB V-Series 2.0 Compact Sound Bar,$42.34,$149.95,,https://www.ebay.com/itm/135394456824?_trkparms=5373%3A5000006400%7C5374%3ATech%7C5079%3A5000006409
2025-03-22 17:29:13,Epson PowerLite 685W WXGA 3500 Lumens 3LCD Ultra-Short Throw Projector,$791.00,"$1,309.00",,https://www.ebay.com/itm/176549150155?_trkparms=5373%3A5000006400%7C5374%3ATech%7C5079%3A5000006409
2025-03-22 17:29:13,LG 65 Inch Class OLED evo C4 Series Smart TV 4K Processor (2024),"$1,179.00","$2,699.00",,https://www.ebay.com/itm/316524852706?_trkparms=5373%3A5000006400%7C5374%3ATech%7C5079%3A5000006409
2025-03-22 17:29:13,"Sony Bravia XR 65"" X90L 4K HDR Full Array LED Smart TV XR65X90L",$759.00,"$1,599.99",,https://www.ebay.com/itm/335504276344?_trkparms=5373%3A5000006400%7C5374%3ATech%7C5079%3A5000006409
2025-03-22 17:29:13,BenQ GP500 4K HDR LED Smart Home Theater Projector 1500 Lm Auto Focus 1.3x zoom,$734.00,"$1,799.00",,https://www.ebay.com/itm/166398780476?_trkparms=5373%3A5000006400%7C5374%3ATech%7C5079%3A5000006409
2025-03-22 17:29:13,Canon EOS R6 Mark II Body,"$1,569.00","$2,206.99",,https://www.ebay.com/itm/326209852082?_trkparms=5373%3A5000006400%7C5374%3ATech%7C5079%3A5000006430
2025-03-22 17:29:13,DJI Avata 2 Fly More Goggles N3 Vlogger Bundle(3 Batteries),"$1,309.00",,,https://www.ebay.com/itm/306032706909?_trkparms=5373%3A5000006400%7C5374%3ATech%7C5079%3A5000006430
2025-03-22 17:29:13,DJI Mavic 3 Classic Fly More Pro Vlogger -2 Battery Combo (DJI RC) Drone-CRB,"$1,499.00","$1,899.00",,https://www.ebay.com/itm/305955941857?_trkparms=5373%3A5000006400%7C5374%3ATech%7C5079%3A5000006430
2025-03-22 17:29:13,DJI Mini 3 Pro Fly More Vlogger Combo (DJI RC ) Drone 4k,$937.00,"$1,249.00",,https://www.ebay.com/itm/305845152874?_trkparms=5373%3A5000006400%7C5374%3ATech%7C5079%3A5000006430
2025-03-22 17:29:13,Sony FE 24-70mm F2.8 GM II Lens,"$1,719.00","$2,306.99",,https://www.ebay.com/itm/204911213109?_trkparms=5373%3A5000006400%7C5374%3ATech%7C5079%3A5000006430
2025-03-22 17:29:13,Logitech - G CLOUD Gaming Handheld Console - White,$164.99,$349.99,,https://www.ebay.com/itm/167017920150?_trkparms=5373%3A5000006400%7C5374%3ATech%7C5079%3A5000006401
2025-03-22 17:29:13,Nintendo Switch OLED 64GB NEON Red Blue Joy Con Newest Version +FAST FREE SHIP!‚≠ê,$269.99,$359.99,,https://www.ebay.com/itm/195122716310?_trkparms=5373%3A5000006400%7C5374%3ATech%7C5079%3A5000006401
2025-03-22 17:29:13,"Audeze Maxwell Wireless Gaming Headset for Xbox, PS, Mac, & PC",$278.00,$373.99,,https://www.ebay.com/itm/205305863435?_trkparms=5373%3A5000006400%7C5374%3ATech%7C5079%3A5000006401
2025-03-22 17:29:13,"Audeze Maxwell Wireless Gaming Headset for PlayStation, Mac, PC, and Switch",$264.00,$305.99,,https://www.ebay.com/itm/197038681586?_trkparms=5373%3A5000006400%7C5374%3ATech%7C5079%3A5000006401
2025-03-22 17:29:13,Nintendo Switch Console with Neon Blue and Neon Red Joy Cons 32GB V2,$243.33,$299.99,,https://www.ebay.com/itm/195302472644?_trkparms=5373%3A5000006400%7C5374%3ATech%7C5079%3A5000006401
2025-03-22 17:29:13,"Apple iPad 7 10.2"" 32GB 128GB Space Gray Gold Silver WiFi or Cellular - Good",$132.99,,,https://www.ebay.com/itm/154843157684?_trkparms=5373%3A5000006400%7C5374%3ATech%7C5079%3A5000006415
2025-03-22 17:29:13,"SGIN 10.1"" Tablet Android 13 128GB ROM 4GB RAM WIFI Quad-Core Tablet Dual Camera",$57.49,$239.96,,https://www.ebay.com/itm/235352196431?_trkparms=5373%3A5000006400%7C5374%3ATech%7C5079%3A5000006415
2025-03-22 17:29:13,Apple iPad 10th Gen 64GB Silver Wi-Fi MPQ03LL/A,$238.00,$449.00,,https://www.ebay.com/itm/125772110133?_trkparms=5373%3A5000006400%7C5374%3ATech%7C5079%3A5000006415
2025-03-22 17:29:13,Acer Iconia Android Tablet - 64GB SSD - A8 A8-11-A30S - Certified Refurbished,$79.99,,,https://www.ebay.com/itm/256754458088?_trkparms=5373%3A5000006400%7C5374%3ATech%7C5079%3A5000006415
2025-03-22 17:29:13,Apple iPad Mini 6 256GB Unlocked Excellent Condition - All Colors,$399.99,$799.99,,https://www.ebay.com/itm/296211701704?_trkparms=5373%3A5000006400%7C5374%3ATech%7C5079%3A5000006415
2025-03-22 17:29:13,Apple AirPods Pro 2nd Generation Gen 2 2023 A2968 with Magsafe USB-C Charging,$142.45,$149.95,,https://www.ebay.com/itm/285636515887?_trkparms=5373%3A5000006400%7C5374%3ATech%7C5079%3A5000006419
2025-03-22 17:29:13,Sony WF-1000XM5 Truly Wireless Bluetooth Noise Canceling Headphones - Black,$112.99,$299.99,,https://www.ebay.com/itm/276015021037?_trkparms=5373%3A5000006400%7C5374%3ATech%7C5079%3A5000006419
2025-03-22 17:29:13,Anker PowerCoreIII Sense Portable Charger 10K Power Bank 20W USB-C for iPhone,$14.99,$39.99,,https://www.ebay.com/itm/383508840902?_trkparms=5373%3A5000006400%7C5374%3ATech%7C5079%3A5000006419
2025-03-22 17:29:13,Anker 20W USB-C Portable Charger Power Bank 10000mAh Power Delivery Battery Pack,$14.99,$39.99,,https://www.ebay.com/itm/385001141142?_trkparms=5373%3A5000006400%7C5374%3ATech%7C5079%3A5000006419
2025-03-22 17:29:13,Soundcore Liberty 4 SE True Wireless Earbuds Heart Rate Sensor Noise Cancelling,$46.99,$149.99,,https://www.ebay.com/itm/385693088002?_trkparms=5373%3A5000006400%7C5374%3ATech%7C5079%3A5000006419
2025-03-22 17:29:13,"Seagate EXOS X16 ST14000NM005G 14TB 256MB 7200rpm 3.5"" SATA 6Gb/s Enterprise HDD",$147.99,$199.99,,https://www.ebay.com/itm/176825170520?_trkparms=5373%3A5000006400%7C5374%3ATech%7C5079%3A5000006421
2025-03-22 17:29:13,"Seagate IronWolf 12TB 7200RPM SATA 6Gb/s 256MB 3.5"" NAS Hard Drive ST12000VN0007",$133.99,$189.99,,https://www.ebay.com/itm/166672350380?_trkparms=5373%3A5000006400%7C5374%3ATech%7C5079%3A5000006421
2025-03-22 17:29:13,"Seagate Exos 28TB 7.2K RPM SATA 6Gb/s 3.5"" Enterprise HDD - ST28000NM000C",$334.99,$379.99,,https://www.ebay.com/itm/296879436001?_trkparms=5373%3A5000006400%7C5374%3ATech%7C5079%3A5000006421
2025-03-22 17:29:13,"Seagate Skyhawk AI ST12000VX0017 12TB 7200RPM 3.5"" SATA 6.0Gb/s Surveillance HDD",$115.99,$179.99,,https://www.ebay.com/itm/176895047318?_trkparms=5373%3A5000006400%7C5374%3ATech%7C5079%3A5000006421
2025-03-22 17:29:13,"Seagate EXOS X16 16TB 256MB 7200rpm 3.5"" SATA 6Gb/s Enterprise HDD ST16000NM001G",$179.99,$219.99,,https://www.ebay.com/itm/175804626117?_trkparms=5373%3A5000006400%7C5374%3ATech%7C5079%3A5000006421
2025-03-22 17:29:13,"Aura Studio 3, Wireless speaker with beautiful Harman Kardon sound",$99.95,$299.95,,https://www.ebay.com/itm/395535173196?_trkparms=5373%3A5000006400%7C5374%3ATech%7C5079%3A5000006403
2025-03-22 17:29:13,STATUS Between 3ANC Wireless Earbuds (CERTIFIED REFURBISHED) - ONYX,$82.88,$119.00,,https://www.ebay.com/itm/266692431952?_trkparms=5373%3A5000006400%7C5374%3ATech%7C5079%3A5000006403
2025-03-22 17:29:13,Sony WH-1000XM5/B Wireless Industry Leading Noise Canceling Bluetooth Headphones,$199.99,$399.99,,https://www.ebay.com/itm/314074071401?_trkparms=5373%3A5000006400%7C5374%3ATech%7C5079%3A5000006403
2025-03-22 17:29:13,Skullcandy Smokin' Buds XT- Black (CERTIFIED REFURBISHED),$11.13,$18.99,,https://www.ebay.com/itm/266646620402?_trkparms=5373%3A5000006400%7C5374%3ATech%7C5079%3A5000006403
2025-03-22 17:29:13,Sony WF-1000XM5 Truly Wireless Bluetooth Noise Canceling Headphones - Silver,$112.99,$299.99,,https://www.ebay.com/itm/276042057973?_trkparms=5373%3A5000006400%7C5374%3ATech%7C5079%3A5000006403
2025-03-22 17:29:13,Ricoh/Fujitsu ScanSnap iX1400 One-Touch 600dpi 40ppm/80ipm Auto Duplex Scanner,$195.00,$435.00,,https://www.ebay.com/itm/176489716730?_trkparms=5373%3A5000006400%7C5374%3ATech%7C5079%3A5000006417
2025-03-22 17:29:13,Canon Color imageCLASS MF642Cdw Wireless Laser Printer w/ Toner PRMCT054H-4 Pack,$309.99,$599.95,,https://www.ebay.com/itm/296874880362?_trkparms=5373%3A5000006400%7C5374%3ATech%7C5079%3A5000006417
2025-03-22 17:29:13,Canon Color imageCLASS MF642Cdw Wireless All-In-One Laser Printer - White,$259.99,$309.95,,https://www.ebay.com/itm/375669059982?_trkparms=5373%3A5000006400%7C5374%3ATech%7C5079%3A5000006417
2025-03-22 17:29:13,Canon Color imageCLASS MF644Cdw All In One White and Black Duplex Laser Printer,$279.99,$349.95,,https://www.ebay.com/itm/286076185580?_trkparms=5373%3A5000006400%7C5374%3ATech%7C5079%3A5000006417
2025-03-22 17:29:13,Canon Color imageCLASS MF743Cdw All In One White and Black Duplex Laser Printer,$319.99,$399.95,,https://www.ebay.com/itm/375669062290?_trkparms=5373%3A5000006400%7C5374%3ATech%7C5079%3A5000006417
2025-03-22 17:29:13,Hifonics HFXR Digital Signal Processor Universal Mobile Audio Silver New,$49.95,$99.99,,https://www.ebay.com/itm/155477831041?_trkparms=5373%3A5000006400%7C5374%3ATech%7C5079%3A5000006432
2025-03-22 17:29:13,MB Quart FKB169 6x9 2-Way Car Speakers 75W RMS 150W Peak UTV Compatible New,$39.88,$79.99,,https://www.ebay.com/itm/155534258683?_trkparms=5373%3A5000006400%7C5374%3ATech%7C5079%3A5000006432
2025-03-22 17:29:13,MB Quart Formula FKB168 5x7/6x8 2-Way Car Speakers 50W RMS 100W Peak Power New,$24.99,$44.99,,https://www.ebay.com/itm/155534260342?_trkparms=5373%3A5000006400%7C5374%3ATech%7C5079%3A5000006432
2025-03-22 17:29:13,ZS5768CX ZEUS 5x7/6x8 Inch Speakers 1-inch Neo-Mylar Soft Dome Tweeter,$26.73,$54.99,,https://www.ebay.com/itm/155691326798?_trkparms=5373%3A5000006400%7C5374%3ATech%7C5079%3A5000006432
2025-03-22 17:29:13,MB Quart Formula 1 inch Tweeter kit,$27.95,$39.99,,https://www.ebay.com/itm/155835299206?_trkparms=5373%3A5000006400%7C5374%3ATech%7C5079%3A5000006432
2025-03-22 17:29:13,Sony FE 24-70mm F2.8 GM II Lens,"$1,719.00","$2,306.99",,https://www.ebay.com/itm/204911213109?_trkparms=5373%3A5000006400%7C5374%3ATech%7C5079%3A5000006425
2025-03-22 17:29:13,Canon 3680C002 Rf 24-70mm F2.8 L is USM,"$1,849.00","$2,656.99",,https://www.ebay.com/itm/326389378879?_trkparms=5373%3A5000006400%7C5374%3ATech%7C5079%3A5000006425
2025-03-22 17:29:13,"Sigma 24-70MM F2.8 DG DN II ART Lens, L Mount",$999.00,"$2,616.00",,https://www.ebay.com/itm/286205099093?_trkparms=5373%3A5000006400%7C5374%3ATech%7C5079%3A5000006425
2025-03-22 17:29:13,Sony FE 70-200mm F2.8 GM OSS II Full-Frame Constant-Aperture telephoto Zoom G,"$2,109.00","$2,862.99",,https://www.ebay.com/itm/205012044285?_trkparms=5373%3A5000006400%7C5374%3ATech%7C5079%3A5000006425
2025-03-22 17:29:13,Sony FE 70-200mm F4 Macro G OSS II,"$1,279.00","$1,737.99",,https://www.ebay.com/itm/197123341040?_trkparms=5373%3A5000006400%7C5374%3ATech%7C5079%3A5000006425
2025-03-22 17:29:13,VIZIO V20x-J8B-RB V-Series 2.0 Compact Sound Bar,$42.34,$149.95,,https://www.ebay.com/itm/135394456824?_trkparms=5373%3A5000006400%7C5374%3ATech%7C5079%3A5000006413
2025-03-22 17:29:13,Epson PowerLite 685W WXGA 3500 Lumens 3LCD Ultra-Short Throw Projector,$791.00,"$1,309.00",,https://www.ebay.com/itm/176549150155?_trkparms=5373%3A5000006400%7C5374%3ATech%7C5079%3A5000006413
2025-03-22 17:29:13,36V 105Ah Golf Cart LiFePO4 Lithium Battery 15000+ Cycle 200A BMS + 20A Charger,$829.99,"$1,499.99",,https://www.ebay.com/itm/364958681355?_trkparms=5373%3A5000006400%7C5374%3ATech%7C5079%3A5000006413
2025-03-22 17:29:13,LG 65 Inch Class OLED evo C4 Series Smart TV 4K Processor (2024),"$1,179.00","$2,699.00",,https://www.ebay.com/itm/316524852706?_trkparms=5373%3A5000006400%7C5374%3ATech%7C5079%3A5000006413
2025-03-22 17:29:13,"Sony Bravia XR 65"" X90L 4K HDR Full Array LED Smart TV XR65X90L",$759.00,"$1,599.99",,https://www.ebay.com/itm/335504276344?_trkparms=5373%3A5000006400%7C5374%3ATech%7C5079%3A5000006413
2025-03-22 17:29:13,Apple Pencil (USB-C) - White Stylus MUWA3AM/A with Pixel-Perfect Precision,$51.45,$80.00,,https://www.ebay.com/itm/296262723993?_trkparms=5373%3A5000006400%7C5374%3ATech%7C5079%3A5000006427
2025-03-22 17:29:13,"Logitech Z623 400 Watt Home Speaker System, 2.1 Speaker System - Black",$95.00,$132.68,,https://www.ebay.com/itm/167065352702?_trkparms=5373%3A5000006400%7C5374%3ATech%7C5079%3A5000006427
2025-03-22 17:29:13,Logitech G560 PC Gaming Speaker System with 7.1 DTS:X Ultra Surround Sound,$128.00,$249.99,,https://www.ebay.com/itm/167051732357?_trkparms=5373%3A5000006400%7C5374%3ATech%7C5079%3A5000006427
2025-03-22 17:29:13,Razer Barracuda X Wireless Multi Platform Gaming and Mobile Black Headset,$41.99,$99.95,,https://www.ebay.com/itm/286097764131?_trkparms=5373%3A5000006400%7C5374%3ATech%7C5079%3A5000006427
2025-03-22 17:29:13,"SteelSeries Arctis Nova Pro Gaming Headset for Xbox, PC, PS4, and PS5 (Refurb)",$144.99,$249.99,,https://www.ebay.com/itm/295963007018?_trkparms=5373%3A5000006400%7C5374%3ATech%7C5079%3A5000006427
2025-03-22 17:29:13,Samsung Galaxy S21 Ultra 5G SM-G998U1F Factory Unlocked Excellent,$244.95,"$1,299.99",,https://www.ebay.com/itm/186383006185?_trkparms=5373%3A5000006400%7C5374%3ATech%7C5079%3A5000006411
2025-03-22 17:29:13,Apple Watch Ultra 2 2nd Gen 49MM GPS & Cellular Finish Black Titanium -Excellent,$544.99,$799.00,,https://www.ebay.com/itm/156653678440?_trkparms=5373%3A5000006400%7C5374%3ATech%7C5079%3A5000006411
2025-03-22 17:29:13,Samsung Galaxy Watch5 Pro 45mm R920N GPS - Very Good,$79.99,$449.99,,https://www.ebay.com/itm/256277867994?_trkparms=5373%3A5000006400%7C5374%3ATech%7C5079%3A5000006411
2025-03-22 17:29:13,Samsung Galaxy S21 Plus 5G G996 128GB Unlocked - Excellent,$204.95,$999.99,,https://www.ebay.com/itm/363623942303?_trkparms=5373%3A5000006400%7C5374%3ATech%7C5079%3A5000006411
2025-03-22 17:29:13,Apple iPhone 13 mini 128GB Factory Unlocked AT&T T-Mobile Verizon Very Good,$264.95,$699.00,,https://www.ebay.com/itm/304517572567?_trkparms=5373%3A5000006400%7C5374%3ATech%7C5079%3A5000006411
2025-03-22 17:29:13,TP-Link Deco AXE5300 Wi-Fi 6E Tri-Band 9 3-Pack (Refurbished),$174.99,$299.99,,https://www.ebay.com/itm/144782360525?_trkparms=5373%3A5000006400%7C5374%3ATech%7C5079%3A5000006405
2025-03-22 17:29:13,Ricoh/Fujitsu ScanSnap iX1400 One-Touch 600dpi 40ppm/80ipm Auto Duplex Scanner,$195.00,$435.00,,https://www.ebay.com/itm/176489716730?_trkparms=5373%3A5000006400%7C5374%3ATech%7C5079%3A5000006405
2025-03-22 17:29:13,"Acer XZ322QU 31.5"" Curved Monitor LED 144Hz 2560x1440 Certified Refurbished",$149.99,$249.99,,https://www.ebay.com/itm/256547414823?_trkparms=5373%3A5000006400%7C5374%3ATech%7C5079%3A5000006405
2025-03-22 17:29:13,"Acer PM161Q 15.6"" Monitor LCD Display 60Hz 1920x1080 Certified Refurbished",$59.99,$149.99,,https://www.ebay.com/itm/275924898150?_trkparms=5373%3A5000006400%7C5374%3ATech%7C5079%3A5000006405
2025-03-22 17:29:13,"Acer CB272 E 27"" Monitor FullHD 1920x1080 100Hz IPS 1ms 250Nit HDMI DisplayPort",$89.99,$139.99,,https://www.ebay.com/itm/266600046936?_trkparms=5373%3A5000006400%7C5374%3ATech%7C5079%3A5000006405
2025-03-22 17:32:22,Apple Watch Series 10 GPS + Cellular 42mm Smartwatch Aluminium Case - Excellent,$294.99,$499.00,,https://www.ebay.com/itm/156512158074?_trkparms=5373%3A5000006400%7C5374%3ATech%7C5079%3A5000006400
2025-03-22 17:32:22,Xbox Series X ‚Äì 1TB Digital Edition (Certified Refurbished),$399.99,,,https://www.ebay.com/itm/267079874922?_trkparms=5373%3A5000006400%7C5374%3ATech%7C5079%3A5000006400
2025-03-22 17:32:22,Pentax WG 1000 All Weather Compact Camera Olive,$177.00,$207.00,,https://www.ebay.com/itm/286365038000?_trkparms=5373%3A5000006400%7C5374%3ATech%7C5079%3A5000006400
2025-03-22 17:32:22,"MSI MPG 321URX QD-OLED 32"" UHD Gaming Monitor, 240Hz/0.03ms HDR 400",$769.99,$949.99,,https://www.ebay.com/itm/145840921156?_trkparms=5373%3A5000006400%7C5374%3ATech%7C5079%3A5000006400
2025-03-22 17:32:22,Samsung HW-S700D 3.1ch Q-Series Wireless Dolby Atmos Soundbar (2024),$295.00,$499.99,,https://www.ebay.com/itm/335518619016?_trkparms=5373%3A5000006400%7C5374%3ATech%7C5079%3A5000006400
2025-03-22 17:32:22,Google Pixel 6 Pro 5G G8V0U Unlocked 128GB 256GB 512GB Very Good,$169.95,$999.99,,https://www.ebay.com/itm/355565697405?_trkparms=5373%3A5000006400%7C5374%3ATech%7C5079%3A5000006400
2025-03-22 17:32:22,üî• Nintendo Switch OLED 64GB WHITE Joy Cons Newest Game Console + 2 Day SHIP! üî•,$269.99,$369.99,,https://www.ebay.com/itm/194991515485?_trkparms=5373%3A5000006400%7C5374%3ATech%7C5079%3A5000006400
2025-03-22 17:32:22,"Lenovo - IdeaPad 1i 15.6"" FHD Touchscreen Laptop - Intel Core i5 - 8GB Memory...",,$599.99,,https://www.ebay.com/itm/205117429872?_trkparms=5373%3A5000006400%7C5374%3ATech%7C5079%3A5000006400
2025-03-22 17:32:22,"Seagate Exos 28TB 7.2K RPM SATA 6Gb/s 3.5"" Enterprise HDD - ST28000NM000C",$334.99,$379.99,,https://www.ebay.com/itm/296879436001?_trkparms=5373%3A5000006400%7C5374%3ATech%7C5079%3A5000006400
2025-03-22 17:32:22,Apple iPhone 14 Pro Max 256GB Unlocked Very Good Condition,$539.99,"$1,199.00",,https://www.ebay.com/itm/355896538160?_trkparms=5373%3A5000006400%7C5374%3ATech%7C5079%3A5000006400
2025-03-22 17:32:22,"ASUS - ROG Zephyrus G16 16"" OLED QHD 240Hz Gaming Laptop - Intel Core Ultra 9...",,"$1,999.99",,https://www.ebay.com/itm/326068742080?_trkparms=5373%3A5000006400%7C5374%3ATech%7C5079%3A5000006400
2025-03-22 17:32:22,Apple iPhone 13 A2482 128GB Network Unlocked Very Good Condition,$259.99,$699.00,,https://www.ebay.com/itm/354393355064?_trkparms=5373%3A5000006400%7C5374%3ATech%7C5079%3A5000006400
2025-03-22 17:32:22,Samsung Galaxy S21 Ultra 5G SM-G998U1F Factory Unlocked Excellent,$244.95,"$1,299.99",,https://www.ebay.com/itm/186383006185?_trkparms=5373%3A5000006400%7C5374%3ATech%7C5079%3A5000006423
2025-03-22 17:32:22,Samsung Galaxy S21 Plus 5G G996 128GB Unlocked - Excellent,$204.95,$999.99,,https://www.ebay.com/itm/363623942303?_trkparms=5373%3A5000006400%7C5374%3ATech%7C5079%3A5000006423
2025-03-22 17:32:22,Apple iPhone 13 mini 128GB Factory Unlocked AT&T T-Mobile Verizon Very Good,$264.95,$699.00,,https://www.ebay.com/itm/304517572567?_trkparms=5373%3A5000006400%7C5374%3ATech%7C5079%3A5000006423
2025-03-22 17:32:22,Samsung Galaxy S22+ 5G SM-S906U1 128GB 256GB Unlocked Very Good Refurbished,$234.95,"$1,199.99",,https://www.ebay.com/itm/204769428202?_trkparms=5373%3A5000006400%7C5374%3ATech%7C5079%3A5000006423
2025-03-22 17:32:22,Apple iPhone 12 64GB - Fully Unlocked - VERY GOOD Condition!! Unlocked!!,$210.99,$599.00,,https://www.ebay.com/itm/325852789181?_trkparms=5373%3A5000006400%7C5374%3ATech%7C5079%3A5000006423
2025-03-22 17:32:22,"Apple MacBook Pro MKGR3LL/A 2021 M1 Pro 16GB 14"" 512GB SSD - 8 CPU/14 GPU",$809.00,"$1,999.99",,https://www.ebay.com/itm/145635181381?_trkparms=5373%3A5000006400%7C5374%3ATech%7C5079%3A5000006407
2025-03-22 17:32:22,"Microsoft Surface Laptop 7 Copilot+PC 13.8"" Snapdragon X Plus 16GB RAM 512GB SSD",$724.00,"$1,099.00",,https://www.ebay.com/itm/176698361893?_trkparms=5373%3A5000006400%7C5374%3ATech%7C5079%3A5000006407
2025-03-22 17:32:22,"Apple Macbook Pro M1 Max 16"" 2021 10-Core CPU 32 GPU 1TB SSD 32GB Ram Gray","$1,389.99","$3,199.00",,https://www.ebay.com/itm/226439904137?_trkparms=5373%3A5000006400%7C5374%3ATech%7C5079%3A5000006407
2025-03-22 17:32:22,"Microsoft Surface Laptop 7 Copilot+PC 13.8"" Snapdragon X Plus 16GB RAM 256GB SSD",$602.00,$999.00,,https://www.ebay.com/itm/176698351316?_trkparms=5373%3A5000006400%7C5374%3ATech%7C5079%3A5000006407
2025-03-22 17:32:22,"HP ENVY Laptop Intel Core Ultra 7 155U RTX 3050 32GB RAM 1TB SSD 17.3"" FHD W11H",$769.99,"$1,099.99",,https://www.ebay.com/itm/305844871800?_trkparms=5373%3A5000006400%7C5374%3ATech%7C5079%3A5000006407
2025-03-22 17:32:22,VIZIO V20x-J8B-RB V-Series 2.0 Compact Sound Bar,$42.34,$149.95,,https://www.ebay.com/itm/135394456824?_trkparms=5373%3A5000006400%7C5374%3ATech%7C5079%3A5000006409
2025-03-22 17:32:22,Epson PowerLite 685W WXGA 3500 Lumens 3LCD Ultra-Short Throw Projector,$791.00,"$1,309.00",,https://www.ebay.com/itm/176549150155?_trkparms=5373%3A5000006400%7C5374%3ATech%7C5079%3A5000006409
2025-03-22 17:32:22,LG 65 Inch Class OLED evo C4 Series Smart TV 4K Processor (2024),"$1,179.00","$2,699.00",,https://www.ebay.com/itm/316524852706?_trkparms=5373%3A5000006400%7C5374%3ATech%7C5079%3A5000006409
2025-03-22 17:32:22,"Sony Bravia XR 65"" X90L 4K HDR Full Array LED Smart TV XR65X90L",$759.00,"$1,599.99",,https://www.ebay.com/itm/335504276344?_trkparms=5373%3A5000006400%7C5374%3ATech%7C5079%3A5000006409
2025-03-22 17:32:22,BenQ GP500 4K HDR LED Smart Home Theater Projector 1500 Lm Auto Focus 1.3x zoom,$734.00,"$1,799.00",,https://www.ebay.com/itm/166398780476?_trkparms=5373%3A5000006400%7C5374%3ATech%7C5079%3A5000006409
2025-03-22 17:32:22,Canon EOS R6 Mark II Body,"$1,569.00","$2,206.99",,https://www.ebay.com/itm/326209852082?_trkparms=5373%3A5000006400%7C5374%3ATech%7C5079%3A5000006430
2025-03-22 17:32:22,DJI Avata 2 Fly More Goggles N3 Vlogger Bundle(3 Batteries),"$1,309.00",,,https://www.ebay.com/itm/306032706909?_trkparms=5373%3A5000006400%7C5374%3ATech%7C5079%3A5000006430
2025-03-22 17:32:22,DJI Mavic 3 Classic Fly More Pro Vlogger -2 Battery Combo (DJI RC) Drone-CRB,"$1,499.00","$1,899.00",,https://www.ebay.com/itm/305955941857?_trkparms=5373%3A5000006400%7C5374%3ATech%7C5079%3A5000006430
2025-03-22 17:32:22,DJI Mini 3 Pro Fly More Vlogger Combo (DJI RC ) Drone 4k,$937.00,"$1,249.00",,https://www.ebay.com/itm/305845152874?_trkparms=5373%3A5000006400%7C5374%3ATech%7C5079%3A5000006430
2025-03-22 17:32:22,Sony FE 24-70mm F2.8 GM II Lens,"$1,719.00","$2,306.99",,https://www.ebay.com/itm/204911213109?_trkparms=5373%3A5000006400%7C5374%3ATech%7C5079%3A5000006430
2025-03-22 17:32:22,Logitech - G CLOUD Gaming Handheld Console - White,$164.99,$349.99,,https://www.ebay.com/itm/167017920150?_trkparms=5373%3A5000006400%7C5374%3ATech%7C5079%3A5000006401
2025-03-22 17:32:22,Nintendo Switch OLED 64GB NEON Red Blue Joy Con Newest Version +FAST FREE SHIP!‚≠ê,$269.99,$359.99,,https://www.ebay.com/itm/195122716310?_trkparms=5373%3A5000006400%7C5374%3ATech%7C5079%3A5000006401
2025-03-22 17:32:22,"Audeze Maxwell Wireless Gaming Headset for Xbox, PS, Mac, & PC",$278.00,$373.99,,https://www.ebay.com/itm/205305863435?_trkparms=5373%3A5000006400%7C5374%3ATech%7C5079%3A5000006401
2025-03-22 17:32:22,"Audeze Maxwell Wireless Gaming Headset for PlayStation, Mac, PC, and Switch",$264.00,$305.99,,https://www.ebay.com/itm/197038681586?_trkparms=5373%3A5000006400%7C5374%3ATech%7C5079%3A5000006401
2025-03-22 17:32:22,Nintendo Switch Console with Neon Blue and Neon Red Joy Cons 32GB V2,$243.33,$299.99,,https://www.ebay.com/itm/195302472644?_trkparms=5373%3A5000006400%7C5374%3ATech%7C5079%3A5000006401
2025-03-22 17:32:22,"Apple iPad 7 10.2"" 32GB 128GB Space Gray Gold Silver WiFi or Cellular - Good",$132.99,,,https://www.ebay.com/itm/154843157684?_trkparms=5373%3A5000006400%7C5374%3ATech%7C5079%3A5000006415
2025-03-22 17:32:22,"SGIN 10.1"" Tablet Android 13 128GB ROM 4GB RAM WIFI Quad-Core Tablet Dual Camera",$57.49,$239.96,,https://www.ebay.com/itm/235352196431?_trkparms=5373%3A5000006400%7C5374%3ATech%7C5079%3A5000006415
2025-03-22 17:32:22,Apple iPad 10th Gen 64GB Silver Wi-Fi MPQ03LL/A,$238.00,$449.00,,https://www.ebay.com/itm/125772110133?_trkparms=5373%3A5000006400%7C5374%3ATech%7C5079%3A5000006415
2025-03-22 17:32:22,Acer Iconia Android Tablet - 64GB SSD - A8 A8-11-A30S - Certified Refurbished,$79.99,,,https://www.ebay.com/itm/256754458088?_trkparms=5373%3A5000006400%7C5374%3ATech%7C5079%3A5000006415
2025-03-22 17:32:22,Apple iPad Mini 6 256GB Unlocked Excellent Condition - All Colors,$399.99,$799.99,,https://www.ebay.com/itm/296211701704?_trkparms=5373%3A5000006400%7C5374%3ATech%7C5079%3A5000006415
2025-03-22 17:32:22,Apple AirPods Pro 2nd Generation Gen 2 2023 A2968 with Magsafe USB-C Charging,$142.45,$149.95,,https://www.ebay.com/itm/285636515887?_trkparms=5373%3A5000006400%7C5374%3ATech%7C5079%3A5000006419
2025-03-22 17:32:22,Sony WF-1000XM5 Truly Wireless Bluetooth Noise Canceling Headphones - Black,$112.99,$299.99,,https://www.ebay.com/itm/276015021037?_trkparms=5373%3A5000006400%7C5374%3ATech%7C5079%3A5000006419
2025-03-22 17:32:22,Anker PowerCoreIII Sense Portable Charger 10K Power Bank 20W USB-C for iPhone,$14.99,$39.99,,https://www.ebay.com/itm/383508840902?_trkparms=5373%3A5000006400%7C5374%3ATech%7C5079%3A5000006419
2025-03-22 17:32:22,Anker 20W USB-C Portable Charger Power Bank 10000mAh Power Delivery Battery Pack,$14.99,$39.99,,https://www.ebay.com/itm/385001141142?_trkparms=5373%3A5000006400%7C5374%3ATech%7C5079%3A5000006419
2025-03-22 17:32:22,Soundcore Liberty 4 SE True Wireless Earbuds Heart Rate Sensor Noise Cancelling,$46.99,$149.99,,https://www.ebay.com/itm/385693088002?_trkparms=5373%3A5000006400%7C5374%3ATech%7C5079%3A5000006419
2025-03-22 17:32:22,"Seagate EXOS X16 ST14000NM005G 14TB 256MB 7200rpm 3.5"" SATA 6Gb/s Enterprise HDD",$147.99,$199.99,,https://www.ebay.com/itm/176825170520?_trkparms=5373%3A5000006400%7C5374%3ATech%7C5079%3A5000006421
2025-03-22 17:32:22,"Seagate IronWolf 12TB 7200RPM SATA 6Gb/s 256MB 3.5"" NAS Hard Drive ST12000VN0007",$133.99,$189.99,,https://www.ebay.com/itm/166672350380?_trkparms=5373%3A5000006400%7C5374%3ATech%7C5079%3A5000006421
2025-03-22 17:32:22,"Seagate Exos 28TB 7.2K RPM SATA 6Gb/s 3.5"" Enterprise HDD - ST28000NM000C",$334.99,$379.99,,https://www.ebay.com/itm/296879436001?_trkparms=5373%3A5000006400%7C5374%3ATech%7C5079%3A5000006421
2025-03-22 17:32:22,"Seagate Skyhawk AI ST12000VX0017 12TB 7200RPM 3.5"" SATA 6.0Gb/s Surveillance HDD",$115.99,$179.99,,https://www.ebay.com/itm/176895047318?_trkparms=5373%3A5000006400%7C5374%3ATech%7C5079%3A5000006421
2025-03-22 17:32:22,"Seagate EXOS X16 16TB 256MB 7200rpm 3.5"" SATA 6Gb/s Enterprise HDD ST16000NM001G",$179.99,$219.99,,https://www.ebay.com/itm/175804626117?_trkparms=5373%3A5000006400%7C5374%3ATech%7C5079%3A5000006421
2025-03-22 17:32:22,"Aura Studio 3, Wireless speaker with beautiful Harman Kardon sound",$99.95,$299.95,,https://www.ebay.com/itm/395535173196?_trkparms=5373%3A5000006400%7C5374%3ATech%7C5079%3A5000006403
2025-03-22 17:32:22,STATUS Between 3ANC Wireless Earbuds (CERTIFIED REFURBISHED) - ONYX,$82.88,$119.00,,https://www.ebay.com/itm/266692431952?_trkparms=5373%3A5000006400%7C5374%3ATech%7C5079%3A5000006403
2025-03-22 17:32:22,Sony WH-1000XM5/B Wireless Industry Leading Noise Canceling Bluetooth Headphones,$199.99,$399.99,,https://www.ebay.com/itm/314074071401?_trkparms=5373%3A5000006400%7C5374%3ATech%7C5079%3A5000006403
2025-03-22 17:32:22,Skullcandy Smokin' Buds XT- Black (CERTIFIED REFURBISHED),$11.13,$18.99,,https://www.ebay.com/itm/266646620402?_trkparms=5373%3A5000006400%7C5374%3ATech%7C5079%3A5000006403
2025-03-22 17:32:22,Sony WF-1000XM5 Truly Wireless Bluetooth Noise Canceling Headphones - Silver,$112.99,$299.99,,https://www.ebay.com/itm/276042057973?_trkparms=5373%3A5000006400%7C5374%3ATech%7C5079%3A5000006403
2025-03-22 17:32:22,Ricoh/Fujitsu ScanSnap iX1400 One-Touch 600dpi 40ppm/80ipm Auto Duplex Scanner,$195.00,$435.00,,https://www.ebay.com/itm/176489716730?_trkparms=5373%3A5000006400%7C5374%3ATech%7C5079%3A5000006417
2025-03-22 17:32:22,Canon Color imageCLASS MF642Cdw Wireless Laser Printer w/ Toner PRMCT054H-4 Pack,$309.99,$599.95,,https://www.ebay.com/itm/296874880362?_trkparms=5373%3A5000006400%7C5374%3ATech%7C5079%3A5000006417
2025-03-22 17:32:22,Canon Color imageCLASS MF642Cdw Wireless All-In-One Laser Printer - White,$259.99,$309.95,,https://www.ebay.com/itm/375669059982?_trkparms=5373%3A5000006400%7C5374%3ATech%7C5079%3A5000006417
2025-03-22 17:32:22,Canon Color imageCLASS MF644Cdw All In One White and Black Duplex Laser Printer,$279.99,$349.95,,https://www.ebay.com/itm/286076185580?_trkparms=5373%3A5000006400%7C5374%3ATech%7C5079%3A5000006417
2025-03-22 17:32:22,Canon Color imageCLASS MF743Cdw All In One White and Black Duplex Laser Printer,$319.99,$399.95,,https://www.ebay.com/itm/375669062290?_trkparms=5373%3A5000006400%7C5374%3ATech%7C5079%3A5000006417
2025-03-22 17:32:22,Hifonics HFXR Digital Signal Processor Universal Mobile Audio Silver New,$49.95,$99.99,,https://www.ebay.com/itm/155477831041?_trkparms=5373%3A5000006400%7C5374%3ATech%7C5079%3A5000006432
2025-03-22 17:32:22,MB Quart FKB169 6x9 2-Way Car Speakers 75W RMS 150W Peak UTV Compatible New,$39.88,$79.99,,https://www.ebay.com/itm/155534258683?_trkparms=5373%3A5000006400%7C5374%3ATech%7C5079%3A5000006432
2025-03-22 17:32:22,MB Quart Formula FKB168 5x7/6x8 2-Way Car Speakers 50W RMS 100W Peak Power New,$24.99,$44.99,,https://www.ebay.com/itm/155534260342?_trkparms=5373%3A5000006400%7C5374%3ATech%7C5079%3A5000006432
2025-03-22 17:32:22,ZS5768CX ZEUS 5x7/6x8 Inch Speakers 1-inch Neo-Mylar Soft Dome Tweeter,$26.73,$54.99,,https://www.ebay.com/itm/155691326798?_trkparms=5373%3A5000006400%7C5374%3ATech%7C5079%3A5000006432
2025-03-22 17:32:22,MB Quart Formula 1 inch Tweeter kit,$27.95,$39.99,,https://www.ebay.com/itm/155835299206?_trkparms=5373%3A5000006400%7C5374%3ATech%7C5079%3A5000006432
2025-03-22 17:32:22,Sony FE 24-70mm F2.8 GM II Lens,"$1,719.00","$2,306.99",,https://www.ebay.com/itm/204911213109?_trkparms=5373%3A5000006400%7C5374%3ATech%7C5079%3A5000006425
2025-03-22 17:32:22,Canon 3680C002 Rf 24-70mm F2.8 L is USM,"$1,849.00","$2,656.99",,https://www.ebay.com/itm/326389378879?_trkparms=5373%3A5000006400%7C5374%3ATech%7C5079%3A5000006425
2025-03-22 17:32:22,"Sigma 24-70MM F2.8 DG DN II ART Lens, L Mount",$999.00,"$2,616.00",,https://www.ebay.com/itm/286205099093?_trkparms=5373%3A5000006400%7C5374%3ATech%7C5079%3A5000006425
2025-03-22 17:32:22,Sony FE 70-200mm F2.8 GM OSS II Full-Frame Constant-Aperture telephoto Zoom G,"$2,109.00","$2,862.99",,https://www.ebay.com/itm/205012044285?_trkparms=5373%3A5000006400%7C5374%3ATech%7C5079%3A5000006425
2025-03-22 17:32:22,Sony FE 70-200mm F4 Macro G OSS II,"$1,279.00","$1,737.99",,https://www.ebay.com/itm/197123341040?_trkparms=5373%3A5000006400%7C5374%3ATech%7C5079%3A5000006425
2025-03-22 17:32:22,VIZIO V20x-J8B-RB V-Series 2.0 Compact Sound Bar,$42.34,$149.95,,https://www.ebay.com/itm/135394456824?_trkparms=5373%3A5000006400%7C5374%3ATech%7C5079%3A5000006413
2025-03-22 17:32:22,Epson PowerLite 685W WXGA 3500 Lumens 3LCD Ultra-Short Throw Projector,$791.00,"$1,309.00",,https://www.ebay.com/itm/176549150155?_trkparms=5373%3A5000006400%7C5374%3ATech%7C5079%3A5000006413
2025-03-22 17:32:22,36V 105Ah Golf Cart LiFePO4 Lithium Battery 15000+ Cycle 200A BMS + 20A Charger,$829.99,"$1,499.99",,https://www.ebay.com/itm/364958681355?_trkparms=5373%3A5000006400%7C5374%3ATech%7C5079%3A5000006413
2025-03-22 17:32:22,LG 65 Inch Class OLED evo C4 Series Smart TV 4K Processor (2024),"$1,179.00","$2,699.00",,https://www.ebay.com/itm/316524852706?_trkparms=5373%3A5000006400%7C5374%3ATech%7C5079%3A5000006413
2025-03-22 17:32:22,"Sony Bravia XR 65"" X90L 4K HDR Full Array LED Smart TV XR65X90L",$759.00,"$1,599.99",,https://www.ebay.com/itm/335504276344?_trkparms=5373%3A5000006400%7C5374%3ATech%7C5079%3A5000006413
2025-03-22 17:32:22,Apple Pencil (USB-C) - White Stylus MUWA3AM/A with Pixel-Perfect Precision,$51.45,$80.00,,https://www.ebay.com/itm/296262723993?_trkparms=5373%3A5000006400%7C5374%3ATech%7C5079%3A5000006427
2025-03-22 17:32:22,"Logitech Z623 400 Watt Home Speaker System, 2.1 Speaker System - Black",$95.00,$132.68,,https://www.ebay.com/itm/167065352702?_trkparms=5373%3A5000006400%7C5374%3ATech%7C5079%3A5000006427
2025-03-22 17:32:22,Logitech G560 PC Gaming Speaker System with 7.1 DTS:X Ultra Surround Sound,$128.00,$249.99,,https://www.ebay.com/itm/167051732357?_trkparms=5373%3A5000006400%7C5374%3ATech%7C5079%3A5000006427
2025-03-22 17:32:22,Razer Barracuda X Wireless Multi Platform Gaming and Mobile Black Headset,$41.99,$99.95,,https://www.ebay.com/itm/286097764131?_trkparms=5373%3A5000006400%7C5374%3ATech%7C5079%3A5000006427
2025-03-22 17:32:22,"SteelSeries Arctis Nova Pro Gaming Headset for Xbox, PC, PS4, and PS5 (Refurb)",$144.99,$249.99,,https://www.ebay.com/itm/295963007018?_trkparms=5373%3A5000006400%7C5374%3ATech%7C5079%3A5000006427
2025-03-22 17:32:22,Samsung Galaxy S21 Ultra 5G SM-G998U1F Factory Unlocked Excellent,$244.95,"$1,299.99",,https://www.ebay.com/itm/186383006185?_trkparms=5373%3A5000006400%7C5374%3ATech%7C5079%3A5000006411
2025-03-22 17:32:22,Apple Watch Ultra 2 2nd Gen 49MM GPS & Cellular Finish Black Titanium -Excellent,$544.99,$799.00,,https://www.ebay.com/itm/156653678440?_trkparms=5373%3A5000006400%7C5374%3ATech%7C5079%3A5000006411
2025-03-22 17:32:22,Samsung Galaxy Watch5 Pro 45mm R920N GPS - Very Good,$79.99,$449.99,,https://www.ebay.com/itm/256277867994?_trkparms=5373%3A5000006400%7C5374%3ATech%7C5079%3A5000006411
2025-03-22 17:32:22,Samsung Galaxy S21 Plus 5G G996 128GB Unlocked - Excellent,$204.95,$999.99,,https://www.ebay.com/itm/363623942303?_trkparms=5373%3A5000006400%7C5374%3ATech%7C5079%3A5000006411
2025-03-22 17:32:22,Apple iPhone 13 mini 128GB Factory Unlocked AT&T T-Mobile Verizon Very Good,$264.95,$699.00,,https://www.ebay.com/itm/304517572567?_trkparms=5373%3A5000006400%7C5374%3ATech%7C5079%3A5000006411
2025-03-22 17:32:22,TP-Link Deco AXE5300 Wi-Fi 6E Tri-Band 9 3-Pack (Refurbished),$174.99,$299.99,,https://www.ebay.com/itm/144782360525?_trkparms=5373%3A5000006400%7C5374%3ATech%7C5079%3A5000006405
2025-03-22 17:32:22,Ricoh/Fujitsu ScanSnap iX1400 One-Touch 600dpi 40ppm/80ipm Auto Duplex Scanner,$195.00,$435.00,,https://www.ebay.com/itm/176489716730?_trkparms=5373%3A5000006400%7C5374%3ATech%7C5079%3A5000006405
2025-03-22 17:32:22,"Acer XZ322QU 31.5"" Curved Monitor LED 144Hz 2560x1440 Certified Refurbished",$149.99,$249.99,,https://www.ebay.com/itm/256547414823?_trkparms=5373%3A5000006400%7C5374%3ATech%7C5079%3A5000006405
2025-03-22 17:32:22,"Acer PM161Q 15.6"" Monitor LCD Display 60Hz 1920x1080 Certified Refurbished",$59.99,$149.99,,https://www.ebay.com/itm/275924898150?_trkparms=5373%3A5000006400%7C5374%3ATech%7C5079%3A5000006405
2025-03-22 17:32:22,"Acer CB272 E 27"" Monitor FullHD 1920x1080 100Hz IPS 1ms 250Nit HDMI DisplayPort",$89.99,$139.99,,https://www.ebay.com/itm/266600046936?_trkparms=5373%3A5000006400%7C5374%3ATech%7C5079%3A5000006405
2025-03-22 18:19:38,Apple Watch Series 10 GPS + Cellular 42mm Smartwatch Aluminium Case - Excellent,$294.99,$499.00,N/A,https://www.ebay.com/itm/156512158074?_trkparms=5373%3A5000006400%7C5374%3ATech%7C5079%3A5000006400
2025-03-22 18:19:38,Xbox Series X ‚Äì 1TB Digital Edition (Certified Refurbished),$399.99,N/A,N/A,https://www.ebay.com/itm/267079874922?_trkparms=5373%3A5000006400%7C5374%3ATech%7C5079%3A5000006400
2025-03-22 18:19:38,Pentax WG 1000 All Weather Compact Camera Olive,$177.00,$207.00,N/A,https://www.ebay.com/itm/286365038000?_trkparms=5373%3A5000006400%7C5374%3ATech%7C5079%3A5000006400
2025-03-22 18:19:38,"MSI MPG 321URX QD-OLED 32"" UHD Gaming Monitor, 240Hz/0.03ms HDR 400",$769.99,$949.99,N/A,https://www.ebay.com/itm/145840921156?_trkparms=5373%3A5000006400%7C5374%3ATech%7C5079%3A5000006400
2025-03-22 18:19:38,Samsung HW-S700D 3.1ch Q-Series Wireless Dolby Atmos Soundbar (2024),$295.00,$499.99,N/A,https://www.ebay.com/itm/335518619016?_trkparms=5373%3A5000006400%7C5374%3ATech%7C5079%3A5000006400
2025-03-22 18:19:38,Google Pixel 6 Pro 5G G8V0U Unlocked 128GB 256GB 512GB Very Good,$169.95,$999.99,N/A,https://www.ebay.com/itm/355565697405?_trkparms=5373%3A5000006400%7C5374%3ATech%7C5079%3A5000006400
2025-03-22 18:19:38,üî• Nintendo Switch OLED 64GB WHITE Joy Cons Newest Game Console + 2 Day SHIP! üî•,$269.99,$369.99,N/A,https://www.ebay.com/itm/194991515485?_trkparms=5373%3A5000006400%7C5374%3ATech%7C5079%3A5000006400
2025-03-22 18:19:38,"ASUS - ROG Zephyrus G16 16"" OLED QHD 240Hz Gaming Laptop - Intel Core Ultra 9...",N/A,"$1,999.99",N/A,https://www.ebay.com/itm/326068742080?_trkparms=5373%3A5000006400%7C5374%3ATech%7C5079%3A5000006400
2025-03-22 18:19:38,Apple iPhone 14 Pro Max 128GB Network Unlocked Very Good Condition,$509.99,"$1,099.00",N/A,https://www.ebay.com/itm/355094939620?_trkparms=5373%3A5000006400%7C5374%3ATech%7C5079%3A5000006400
2025-03-22 18:19:38,Apple iPhone 14 Pro A2650 256GB Unlocked Very Good Condition,$439.99,$999.00,N/A,https://www.ebay.com/itm/355896536737?_trkparms=5373%3A5000006400%7C5374%3ATech%7C5079%3A5000006400
2025-03-22 18:19:38,Apple iPhone 14 Pro Max 256GB Unlocked Very Good Condition,$539.99,"$1,199.00",N/A,https://www.ebay.com/itm/355896538160?_trkparms=5373%3A5000006400%7C5374%3ATech%7C5079%3A5000006400
2025-03-22 18:19:38,Apple iPhone 13 A2482 128GB Network Unlocked Very Good Condition,$259.99,$699.00,N/A,https://www.ebay.com/itm/354393355064?_trkparms=5373%3A5000006400%7C5374%3ATech%7C5079%3A5000006400
2025-03-22 18:19:38,Samsung Galaxy S21 Ultra 5G SM-G998U1F Factory Unlocked Excellent,$244.95,"$1,299.99",N/A,https://www.ebay.com/itm/186383006185?_trkparms=5373%3A5000006400%7C5374%3ATech%7C5079%3A5000006423
2025-03-22 18:19:38,Samsung Galaxy S21 Plus 5G G996 128GB Unlocked - Excellent,$204.95,$999.99,N/A,https://www.ebay.com/itm/363623942303?_trkparms=5373%3A5000006400%7C5374%3ATech%7C5079%3A5000006423
2025-03-22 18:19:38,Apple iPhone 13 mini 128GB Factory Unlocked AT&T T-Mobile Verizon Very Good,$264.95,$699.00,N/A,https://www.ebay.com/itm/304517572567?_trkparms=5373%3A5000006400%7C5374%3ATech%7C5079%3A5000006423
2025-03-22 18:19:38,Samsung Galaxy S22+ 5G SM-S906U1 128GB 256GB Unlocked Very Good Refurbished,$234.95,"$1,199.99",N/A,https://www.ebay.com/itm/204769428202?_trkparms=5373%3A5000006400%7C5374%3ATech%7C5079%3A5000006423
2025-03-22 18:19:38,Apple iPhone 12 64GB - Fully Unlocked - VERY GOOD Condition!! Unlocked!!,$210.99,$599.00,N/A,https://www.ebay.com/itm/325852789181?_trkparms=5373%3A5000006400%7C5374%3ATech%7C5079%3A5000006423
2025-03-22 18:19:38,"Apple MacBook Pro MKGR3LL/A 2021 M1 Pro 16GB 14"" 512GB SSD - 8 CPU/14 GPU",$809.00,"$1,999.99",N/A,https://www.ebay.com/itm/145635181381?_trkparms=5373%3A5000006400%7C5374%3ATech%7C5079%3A5000006407
2025-03-22 18:19:38,"Microsoft Surface Laptop 7 Copilot+PC 13.8"" Snapdragon X Plus 16GB RAM 512GB SSD",$724.00,"$1,099.00",N/A,https://www.ebay.com/itm/176698361893?_trkparms=5373%3A5000006400%7C5374%3ATech%7C5079%3A5000006407
2025-03-22 18:19:38,"Apple Macbook Pro M1 Max 16"" 2021 10-Core CPU 32 GPU 1TB SSD 32GB Ram Gray","$1,389.99","$3,199.00",N/A,https://www.ebay.com/itm/226439904137?_trkparms=5373%3A5000006400%7C5374%3ATech%7C5079%3A5000006407
2025-03-22 18:19:38,"Microsoft Surface Laptop 7 Copilot+PC 13.8"" Snapdragon X Plus 16GB RAM 256GB SSD",$602.00,$999.00,N/A,https://www.ebay.com/itm/176698351316?_trkparms=5373%3A5000006400%7C5374%3ATech%7C5079%3A5000006407
2025-03-22 18:19:38,"HP ENVY Laptop Intel Core Ultra 7 155U RTX 3050 32GB RAM 1TB SSD 17.3"" FHD W11H",$769.99,"$1,099.99",N/A,https://www.ebay.com/itm/305844871800?_trkparms=5373%3A5000006400%7C5374%3ATech%7C5079%3A5000006407
2025-03-22 18:19:38,VIZIO V20x-J8B-RB V-Series 2.0 Compact Sound Bar,$42.34,$149.95,N/A,https://www.ebay.com/itm/135394456824?_trkparms=5373%3A5000006400%7C5374%3ATech%7C5079%3A5000006409
2025-03-22 18:19:38,Epson PowerLite 685W WXGA 3500 Lumens 3LCD Ultra-Short Throw Projector,$791.00,"$1,309.00",N/A,https://www.ebay.com/itm/176549150155?_trkparms=5373%3A5000006400%7C5374%3ATech%7C5079%3A5000006409
2025-03-22 18:19:38,LG 65 Inch Class OLED evo C4 Series Smart TV 4K Processor (2024),"$1,179.00","$2,699.00",N/A,https://www.ebay.com/itm/316524852706?_trkparms=5373%3A5000006400%7C5374%3ATech%7C5079%3A5000006409
2025-03-22 18:19:38,"Sony Bravia XR 65"" X90L 4K HDR Full Array LED Smart TV XR65X90L",$759.00,"$1,599.99",N/A,https://www.ebay.com/itm/335504276344?_trkparms=5373%3A5000006400%7C5374%3ATech%7C5079%3A5000006409
2025-03-22 18:19:38,BenQ GP500 4K HDR LED Smart Home Theater Projector 1500 Lm Auto Focus 1.3x zoom,$734.00,"$1,799.00",N/A,https://www.ebay.com/itm/166398780476?_trkparms=5373%3A5000006400%7C5374%3ATech%7C5079%3A5000006409
2025-03-22 18:19:38,Canon EOS R6 Mark II Body,"$1,569.00","$2,206.99",N/A,https://www.ebay.com/itm/326209852082?_trkparms=5373%3A5000006400%7C5374%3ATech%7C5079%3A5000006430
2025-03-22 18:19:38,DJI Avata 2 Fly More Goggles N3 Vlogger Bundle(3 Batteries),"$1,309.00",N/A,N/A,https://www.ebay.com/itm/306032706909?_trkparms=5373%3A5000006400%7C5374%3ATech%7C5079%3A5000006430
2025-03-22 18:19:38,DJI Mavic 3 Classic Fly More Pro Vlogger -2 Battery Combo (DJI RC) Drone-CRB,"$1,499.00","$1,899.00",N/A,https://www.ebay.com/itm/305955941857?_trkparms=5373%3A5000006400%7C5374%3ATech%7C5079%3A5000006430
2025-03-22 18:19:38,DJI Mini 3 Pro Fly More Vlogger Combo (DJI RC ) Drone 4k,$937.00,"$1,249.00",N/A,https://www.ebay.com/itm/305845152874?_trkparms=5373%3A5000006400%7C5374%3ATech%7C5079%3A5000006430
2025-03-22 18:19:38,Sony FE 24-70mm F2.8 GM II Lens,"$1,719.00","$2,306.99",N/A,https://www.ebay.com/itm/204911213109?_trkparms=5373%3A5000006400%7C5374%3ATech%7C5079%3A5000006430
2025-03-22 18:19:38,Logitech - G CLOUD Gaming Handheld Console - White,$164.99,$349.99,N/A,https://www.ebay.com/itm/167017920150?_trkparms=5373%3A5000006400%7C5374%3ATech%7C5079%3A5000006401
2025-03-22 18:19:38,Nintendo Switch OLED 64GB NEON Red Blue Joy Con Newest Version +FAST FREE SHIP!‚≠ê,$269.99,$359.99,N/A,https://www.ebay.com/itm/195122716310?_trkparms=5373%3A5000006400%7C5374%3ATech%7C5079%3A5000006401
2025-03-22 18:19:38,"Audeze Maxwell Wireless Gaming Headset for Xbox, PS, Mac, & PC",$278.00,$373.99,N/A,https://www.ebay.com/itm/205305863435?_trkparms=5373%3A5000006400%7C5374%3ATech%7C5079%3A5000006401
2025-03-22 18:19:38,"Audeze Maxwell Wireless Gaming Headset for PlayStation, Mac, PC, and Switch",$264.00,$305.99,N/A,https://www.ebay.com/itm/197038681586?_trkparms=5373%3A5000006400%7C5374%3ATech%7C5079%3A5000006401
2025-03-22 18:19:38,Nintendo Switch Console with Neon Blue and Neon Red Joy Cons 32GB V2,$243.33,$299.99,N/A,https://www.ebay.com/itm/195302472644?_trkparms=5373%3A5000006400%7C5374%3ATech%7C5079%3A5000006401
2025-03-22 18:19:38,"Apple iPad 7 10.2"" 32GB 128GB Space Gray Gold Silver WiFi or Cellular - Good",$132.99,N/A,N/A,https://www.ebay.com/itm/154843157684?_trkparms=5373%3A5000006400%7C5374%3ATech%7C5079%3A5000006415
2025-03-22 18:19:38,"SGIN 10.1"" Tablet Android 13 128GB ROM 4GB RAM WIFI Quad-Core Tablet Dual Camera",$57.49,$239.96,N/A,https://www.ebay.com/itm/235352196431?_trkparms=5373%3A5000006400%7C5374%3ATech%7C5079%3A5000006415
2025-03-22 18:19:38,Apple iPad 10th Gen 64GB Silver Wi-Fi MPQ03LL/A,$238.00,$449.00,N/A,https://www.ebay.com/itm/125772110133?_trkparms=5373%3A5000006400%7C5374%3ATech%7C5079%3A5000006415
2025-03-22 18:19:38,Acer Iconia Android Tablet - 64GB SSD - A8 A8-11-A30S - Certified Refurbished,$79.99,N/A,N/A,https://www.ebay.com/itm/256754458088?_trkparms=5373%3A5000006400%7C5374%3ATech%7C5079%3A5000006415
2025-03-22 18:19:38,Apple iPad Mini 6 256GB Unlocked Excellent Condition - All Colors,$399.99,$799.99,N/A,https://www.ebay.com/itm/296211701704?_trkparms=5373%3A5000006400%7C5374%3ATech%7C5079%3A5000006415
2025-03-22 18:19:38,Apple AirPods Pro 2nd Generation Gen 2 2023 A2968 with Magsafe USB-C Charging,$142.45,$149.95,N/A,https://www.ebay.com/itm/285636515887?_trkparms=5373%3A5000006400%7C5374%3ATech%7C5079%3A5000006419
2025-03-22 18:19:38,Sony WF-1000XM5 Truly Wireless Bluetooth Noise Canceling Headphones - Black,$112.99,$299.99,N/A,https://www.ebay.com/itm/276015021037?_trkparms=5373%3A5000006400%7C5374%3ATech%7C5079%3A5000006419
2025-03-22 18:19:38,Anker PowerCoreIII Sense Portable Charger 10K Power Bank 20W USB-C for iPhone,$14.99,$39.99,N/A,https://www.ebay.com/itm/383508840902?_trkparms=5373%3A5000006400%7C5374%3ATech%7C5079%3A5000006419
2025-03-22 18:19:38,Anker 20W USB-C Portable Charger Power Bank 10000mAh Power Delivery Battery Pack,$14.99,$39.99,N/A,https://www.ebay.com/itm/385001141142?_trkparms=5373%3A5000006400%7C5374%3ATech%7C5079%3A5000006419
2025-03-22 18:19:38,Soundcore Liberty 4 SE True Wireless Earbuds Heart Rate Sensor Noise Cancelling,$46.99,$149.99,N/A,https://www.ebay.com/itm/385693088002?_trkparms=5373%3A5000006400%7C5374%3ATech%7C5079%3A5000006419
2025-03-22 18:19:38,"Seagate EXOS X16 ST14000NM005G 14TB 256MB 7200rpm 3.5"" SATA 6Gb/s Enterprise HDD",$147.99,$199.99,N/A,https://www.ebay.com/itm/176825170520?_trkparms=5373%3A5000006400%7C5374%3ATech%7C5079%3A5000006421
2025-03-22 18:19:38,"Seagate IronWolf 12TB 7200RPM SATA 6Gb/s 256MB 3.5"" NAS Hard Drive ST12000VN0007",$133.99,$189.99,N/A,https://www.ebay.com/itm/166672350380?_trkparms=5373%3A5000006400%7C5374%3ATech%7C5079%3A5000006421
2025-03-22 18:19:38,"Seagate Exos 28TB 7.2K RPM SATA 6Gb/s 3.5"" Enterprise HDD - ST28000NM000C",$334.99,$379.99,N/A,https://www.ebay.com/itm/296879436001?_trkparms=5373%3A5000006400%7C5374%3ATech%7C5079%3A5000006421
2025-03-22 18:19:38,"Seagate Skyhawk AI ST12000VX0017 12TB 7200RPM 3.5"" SATA 6.0Gb/s Surveillance HDD",$115.99,$179.99,N/A,https://www.ebay.com/itm/176895047318?_trkparms=5373%3A5000006400%7C5374%3ATech%7C5079%3A5000006421
2025-03-22 18:19:38,"Seagate EXOS X16 16TB 256MB 7200rpm 3.5"" SATA 6Gb/s Enterprise HDD ST16000NM001G",$179.99,$219.99,N/A,https://www.ebay.com/itm/175804626117?_trkparms=5373%3A5000006400%7C5374%3ATech%7C5079%3A5000006421
2025-03-22 18:19:38,"Aura Studio 3, Wireless speaker with beautiful Harman Kardon sound",$99.95,$299.95,N/A,https://www.ebay.com/itm/395535173196?_trkparms=5373%3A5000006400%7C5374%3ATech%7C5079%3A5000006403
2025-03-22 18:19:38,STATUS Between 3ANC Wireless Earbuds (CERTIFIED REFURBISHED) - ONYX,$82.88,$119.00,N/A,https://www.ebay.com/itm/266692431952?_trkparms=5373%3A5000006400%7C5374%3ATech%7C5079%3A5000006403
2025-03-22 18:19:38,Sony WH-1000XM5/B Wireless Industry Leading Noise Canceling Bluetooth Headphones,$199.99,$399.99,N/A,https://www.ebay.com/itm/314074071401?_trkparms=5373%3A5000006400%7C5374%3ATech%7C5079%3A5000006403
2025-03-22 18:19:38,Skullcandy Smokin' Buds XT- Black (CERTIFIED REFURBISHED),$11.13,$18.99,N/A,https://www.ebay.com/itm/266646620402?_trkparms=5373%3A5000006400%7C5374%3ATech%7C5079%3A5000006403
2025-03-22 18:19:38,Sony WF-1000XM5 Truly Wireless Bluetooth Noise Canceling Headphones - Silver,$112.99,$299.99,N/A,https://www.ebay.com/itm/276042057973?_trkparms=5373%3A5000006400%7C5374%3ATech%7C5079%3A5000006403
2025-03-22 18:19:38,Ricoh/Fujitsu ScanSnap iX1400 One-Touch 600dpi 40ppm/80ipm Auto Duplex Scanner,$195.00,$435.00,N/A,https://www.ebay.com/itm/176489716730?_trkparms=5373%3A5000006400%7C5374%3ATech%7C5079%3A5000006417
2025-03-22 18:19:38,Canon Color imageCLASS MF642Cdw Wireless Laser Printer w/ Toner PRMCT054H-4 Pack,$309.99,$599.95,N/A,https://www.ebay.com/itm/296874880362?_trkparms=5373%3A5000006400%7C5374%3ATech%7C5079%3A5000006417
2025-03-22 18:19:38,Canon Color imageCLASS MF642Cdw Wireless All-In-One Laser Printer - White,$259.99,$309.95,N/A,https://www.ebay.com/itm/375669059982?_trkparms=5373%3A5000006400%7C5374%3ATech%7C5079%3A5000006417
2025-03-22 18:19:38,Canon Color imageCLASS MF644Cdw All In One White and Black Duplex Laser Printer,$279.99,$349.95,N/A,https://www.ebay.com/itm/286076185580?_trkparms=5373%3A5000006400%7C5374%3ATech%7C5079%3A5000006417
2025-03-22 18:19:38,Canon Color imageCLASS MF743Cdw All In One White and Black Duplex Laser Printer,$319.99,$399.95,N/A,https://www.ebay.com/itm/375669062290?_trkparms=5373%3A5000006400%7C5374%3ATech%7C5079%3A5000006417
2025-03-22 18:19:38,Hifonics HFXR Digital Signal Processor Universal Mobile Audio Silver New,$49.95,$99.99,N/A,https://www.ebay.com/itm/155477831041?_trkparms=5373%3A5000006400%7C5374%3ATech%7C5079%3A5000006432
2025-03-22 18:19:38,MB Quart FKB169 6x9 2-Way Car Speakers 75W RMS 150W Peak UTV Compatible New,$39.88,$79.99,N/A,https://www.ebay.com/itm/155534258683?_trkparms=5373%3A5000006400%7C5374%3ATech%7C5079%3A5000006432
2025-03-22 18:19:38,MB Quart Formula FKB168 5x7/6x8 2-Way Car Speakers 50W RMS 100W Peak Power New,$24.99,$44.99,N/A,https://www.ebay.com/itm/155534260342?_trkparms=5373%3A5000006400%7C5374%3ATech%7C5079%3A5000006432
2025-03-22 18:19:38,ZS5768CX ZEUS 5x7/6x8 Inch Speakers 1-inch Neo-Mylar Soft Dome Tweeter,$26.73,$54.99,N/A,https://www.ebay.com/itm/155691326798?_trkparms=5373%3A5000006400%7C5374%3ATech%7C5079%3A5000006432
2025-03-22 18:19:38,MB Quart Formula 1 inch Tweeter kit,$27.95,$39.99,N/A,https://www.ebay.com/itm/155835299206?_trkparms=5373%3A5000006400%7C5374%3ATech%7C5079%3A5000006432
2025-03-22 18:19:38,Sony FE 24-70mm F2.8 GM II Lens,"$1,719.00","$2,306.99",N/A,https://www.ebay.com/itm/204911213109?_trkparms=5373%3A5000006400%7C5374%3ATech%7C5079%3A5000006425
2025-03-22 18:19:38,Canon 3680C002 Rf 24-70mm F2.8 L is USM,"$1,849.00","$2,656.99",N/A,https://www.ebay.com/itm/326389378879?_trkparms=5373%3A5000006400%7C5374%3ATech%7C5079%3A5000006425
2025-03-22 18:19:38,"Sigma 24-70MM F2.8 DG DN II ART Lens, L Mount",$999.00,"$2,616.00",N/A,https://www.ebay.com/itm/286205099093?_trkparms=5373%3A5000006400%7C5374%3ATech%7C5079%3A5000006425
2025-03-22 18:19:38,Sony FE 70-200mm F2.8 GM OSS II Full-Frame Constant-Aperture telephoto Zoom G,"$2,109.00","$2,862.99",N/A,https://www.ebay.com/itm/205012044285?_trkparms=5373%3A5000006400%7C5374%3ATech%7C5079%3A5000006425
2025-03-22 18:19:38,Sony FE 70-200mm F4 Macro G OSS II,"$1,279.00","$1,737.99",N/A,https://www.ebay.com/itm/197123341040?_trkparms=5373%3A5000006400%7C5374%3ATech%7C5079%3A5000006425
2025-03-22 18:19:38,VIZIO V20x-J8B-RB V-Series 2.0 Compact Sound Bar,$42.34,$149.95,N/A,https://www.ebay.com/itm/135394456824?_trkparms=5373%3A5000006400%7C5374%3ATech%7C5079%3A5000006413
2025-03-22 18:19:38,Epson PowerLite 685W WXGA 3500 Lumens 3LCD Ultra-Short Throw Projector,$791.00,"$1,309.00",N/A,https://www.ebay.com/itm/176549150155?_trkparms=5373%3A5000006400%7C5374%3ATech%7C5079%3A5000006413
2025-03-22 18:19:38,36V 105Ah Golf Cart LiFePO4 Lithium Battery 15000+ Cycle 200A BMS + 20A Charger,$829.99,"$1,499.99",N/A,https://www.ebay.com/itm/364958681355?_trkparms=5373%3A5000006400%7C5374%3ATech%7C5079%3A5000006413
2025-03-22 18:19:38,LG 65 Inch Class OLED evo C4 Series Smart TV 4K Processor (2024),"$1,179.00","$2,699.00",N/A,https://www.ebay.com/itm/316524852706?_trkparms=5373%3A5000006400%7C5374%3ATech%7C5079%3A5000006413
2025-03-22 18:19:38,"Sony Bravia XR 65"" X90L 4K HDR Full Array LED Smart TV XR65X90L",$759.00,"$1,599.99",N/A,https://www.ebay.com/itm/335504276344?_trkparms=5373%3A5000006400%7C5374%3ATech%7C5079%3A5000006413
2025-03-22 18:19:38,Apple Pencil (USB-C) - White Stylus MUWA3AM/A with Pixel-Perfect Precision,$51.45,$80.00,N/A,https://www.ebay.com/itm/296262723993?_trkparms=5373%3A5000006400%7C5374%3ATech%7C5079%3A5000006427
2025-03-22 18:19:38,"Logitech Z623 400 Watt Home Speaker System, 2.1 Speaker System - Black",$95.00,$132.68,N/A,https://www.ebay.com/itm/167065352702?_trkparms=5373%3A5000006400%7C5374%3ATech%7C5079%3A5000006427
2025-03-22 18:19:38,Logitech G560 PC Gaming Speaker System with 7.1 DTS:X Ultra Surround Sound,$128.00,$249.99,N/A,https://www.ebay.com/itm/167051732357?_trkparms=5373%3A5000006400%7C5374%3ATech%7C5079%3A5000006427
2025-03-22 18:19:38,Razer Barracuda X Wireless Multi Platform Gaming and Mobile Black Headset,$41.99,$99.95,N/A,https://www.ebay.com/itm/286097764131?_trkparms=5373%3A5000006400%7C5374%3ATech%7C5079%3A5000006427
2025-03-22 18:19:38,"SteelSeries Arctis Nova Pro Gaming Headset for Xbox, PC, PS4, and PS5 (Refurb)",$144.99,$249.99,N/A,https://www.ebay.com/itm/295963007018?_trkparms=5373%3A5000006400%7C5374%3ATech%7C5079%3A5000006427
2025-03-22 18:19:38,Samsung Galaxy S21 Ultra 5G SM-G998U1F Factory Unlocked Excellent,$244.95,"$1,299.99",N/A,https://www.ebay.com/itm/186383006185?_trkparms=5373%3A5000006400%7C5374%3ATech%7C5079%3A5000006411
2025-03-22 18:19:38,Apple Watch Ultra 2 2nd Gen 49MM GPS & Cellular Finish Black Titanium -Excellent,$544.99,$799.00,N/A,https://www.ebay.com/itm/156653678440?_trkparms=5373%3A5000006400%7C5374%3ATech%7C5079%3A5000006411
2025-03-22 18:19:38,Samsung Galaxy Watch5 Pro 45mm R920N GPS - Very Good,$79.99,$449.99,N/A,https://www.ebay.com/itm/256277867994?_trkparms=5373%3A5000006400%7C5374%3ATech%7C5079%3A5000006411
2025-03-22 18:19:38,Samsung Galaxy S21 Plus 5G G996 128GB Unlocked - Excellent,$204.95,$999.99,N/A,https://www.ebay.com/itm/363623942303?_trkparms=5373%3A5000006400%7C5374%3ATech%7C5079%3A5000006411
2025-03-22 18:19:38,Apple iPhone 13 mini 128GB Factory Unlocked AT&T T-Mobile Verizon Very Good,$264.95,$699.00,N/A,https://www.ebay.com/itm/304517572567?_trkparms=5373%3A5000006400%7C5374%3ATech%7C5079%3A5000006411
2025-03-22 18:19:38,TP-Link Deco AXE5300 Wi-Fi 6E Tri-Band 9 3-Pack (Refurbished),$174.99,$299.99,N/A,https://www.ebay.com/itm/144782360525?_trkparms=5373%3A5000006400%7C5374%3ATech%7C5079%3A5000006405
2025-03-22 18:19:38,Ricoh/Fujitsu ScanSnap iX1400 One-Touch 600dpi 40ppm/80ipm Auto Duplex Scanner,$195.00,$435.00,N/A,https://www.ebay.com/itm/176489716730?_trkparms=5373%3A5000006400%7C5374%3ATech%7C5079%3A5000006405
2025-03-22 18:19:38,"Acer XZ322QU 31.5"" Curved Monitor LED 144Hz 2560x1440 Certified Refurbished",$149.99,$249.99,N/A,https://www.ebay.com/itm/256547414823?_trkparms=5373%3A5000006400%7C5374%3ATech%7C5079%3A5000006405
2025-03-22 18:19:38,"Acer PM161Q 15.6"" Monitor LCD Display 60Hz 1920x1080 Certified Refurbished",$59.99,$149.99,N/A,https://www.ebay.com/itm/275924898150?_trkparms=5373%3A5000006400%7C5374%3ATech%7C5079%3A5000006405
2025-03-22 18:19:38,"Acer CB272 E 27"" Monitor FullHD 1920x1080 100Hz IPS 1ms 250Nit HDMI DisplayPort",$89.99,$139.99,N/A,https://www.ebay.com/itm/266600046936?_trkparms=5373%3A5000006400%7C5374%3ATech%7C5079%3A5000006405
